ACIA	ACER INCORPORATED	GDR (REPR 5 SHS COM STK TWD10)(144A)	US0044341065	DPRS	Technology	Technology	27/03/2002	Taiwan	USD	PROFESSIONAL SECURITIES MARKET	Standard GDRs	MISC	INPE
ACID	ACER INCORPORATED	GDR (REPR 5 SHS COM STK TWD10)(REG S)	US0044342055	DPRS	Technology	Technology	27/09/2004	Taiwan	USD	PROFESSIONAL SECURITIES MARKET	Standard GDRs	IOBE	IPHE
53GI	AFI DEVELOPMENT PLC	GDR (EACH REPR 1 ORD) (144A)	US00106J1016	DPRS	Financials	Real Estate	11/05/2007	Cyprus	USD	MAIN MARKET	Standard GDRs	MISC	INTM
AFID	AFI DEVELOPMENT PLC	GDR (EACH REPR 1 ORD) (REG S)	US00106J2006	DPRS	Financials	Real Estate	03/05/2007	Cyprus	USD	MAIN MARKET	Standard GDRs	IOBE	LLHE
78QZ	ALUMINIUM BAHRAIN B.S.C.	GDR (EACH REPR 1/5 ORD) (144A)	US0222081020	DPRS	Basic Materials	Basic Resources	30/11/2010	Bahrain	USD	MAIN MARKET	Standard GDRs	MISC	INTM
ALBH	ALUMINIUM BAHRAIN B.S.C.	GDR (EACH REPR 1/5 ORD) (REG S)	US0222082010	DPRS	Basic Materials	Basic Resources	30/11/2010	Bahrain	USD	MAIN MARKET	Standard GDRs	IOBE	LLHE
87SD	AMER GROUP HOLDING COMPANY S.A.E	GDR (EACH REPR 200 ORD) (144A)	US0235111087	DPRS	Financials	Real Estate	06/10/2017	Egypt	USD	ADMISSION TO TRADING ONLY		MISC	INAD
AMGR	AMER GROUP HOLDING COMPANY S.A.E	GDR (EACH REPR 200 ORD) (REG S)	US0235112077	DPRS	Financials	Real Estate	06/10/2017	Egypt	USD	ADMISSION TO TRADING ONLY		IOBU	INLN
AMKD	AMTEK AUTO LD	GDR (EACH REPR 2 ORD INR2)(REG S)	US03233Q1058	DPRS	Consumer Goods	Automobiles & Parts	18/11/2004	India	USD	MAIN MARKET	Standard GDRs	IOBU	LLLN
ANAA	ANA HOLDINGS INC.	ADR EACH REPR 2 COM SHS LVL I	US0323501009	DPRS	Consumer Services	Travel & Leisure	09/05/2013	Japan	USD	ADMISSION TO TRADING ONLY		IOBU	INLU
AOMD	AO MOSENERGO	ADR (EACH REPR 50)(LVL1)	US0373763087	DPRS	Utilities	Utilities	27/09/2004	Russian Federation	USD	ADMISSION TO TRADING ONLY		IOBU	INNU
43DK	ARABIAN FOOD INDUSTRIES COMPANY DOMTY S.A.E.	GDR (EACH REPR 5 ORDS) (144A)	US03847E1001	DPRS	Consumer Goods	Food & Beverage	21/09/2016	Egypt	USD	ADMISSION TO TRADING ONLY		MISC	INAD
DOMT	ARABIAN FOOD INDUSTRIES COMPANY DOMTY S.A.E.	GDR (EACH REPR 5 ORDS) (REG S)	US03847E2090	DPRS	Consumer Goods	Food & Beverage	21/09/2016	Egypt	USD	ADMISSION TO TRADING ONLY		IOBE	INHE
ASCD	ASIA CEMENT CORPORATION	GDS (REPR 10 SHS TWD10)	US04515P1049	DPRS	Industrials	Construction & Materials	11/10/2004	Taiwan	USD	PROFESSIONAL SECURITIES MARKET	Standard GDRs	IOBU	IPLN
AVGR	AVANGARDCO INVESTMENTS PUBLIC LIMITED	GDR (10 GDR'S REPR 1 ORD)	US05349V2097	DPRS	Consumer Goods	Food & Beverage	30/04/2010	Cyprus	USD	MAIN MARKET	Standard GDRs	IOBE	LLHE
AXB	AXIS BANK LIMITED	GDR EACH REPR 5 EQTY SHS	US05462W1099	DPRS	Financials	Banks	10/08/2007	India	USD	PROFESSIONAL SECURITIES MARKET	Standard GDRs	IOBE	IPHE
AXBA	AXIS BANK LIMITED	GDR EACH REPR 5 EQTY SHS(144A)	US05462W3079	DPRS	Financials	Banks	10/08/2007	India	USD	PROFESSIONAL SECURITIES MARKET	Standard GDRs	MISC	INPE
43KV	BANK AUDI S.A.L.	GDR(REPR 1'COM'SHR)(144A)	US0605721044	DPRS	Financials	Banks	04/04/2014	Lebanon	USD	MAIN MARKET	Standard GDRs	MISC	INTM
BQAD	BANK AUDI S.A.L.	GDR(REPR 1'COM'SHR)(REG S)	US0605721127	DPRS	Financials	Banks	04/04/2014	Lebanon	USD	MAIN MARKET	Standard GDRs	IOBE	LLHE
BKM	BANKMUSCAT (S.A.O.G.)	GDR (EACH REPR 4 COM STK) (REG S)	US0637462005	DPRS	Financials	Banks	29/09/2005	Oman	USD	MAIN MARKET	Standard GDRs	IOBE	LLHE
BKMA	BANKMUSCAT (S.A.O.G.)	GDR (EACH REPR 4 COM STK) (144A)	US0637461015	DPRS	Financials	Banks	05/10/2005	Oman	USD	MAIN MARKET	Standard GDRs	MISL	ADPL
85PL	BANK PEKAO SA	GDS (EACH REPR 1 ORD PLN1)(144A)	US0644511075	DPRS	Financials	Banks	03/11/2000	Poland	USD	MAIN MARKET	Standard GDRs	MISC	INTM
BPKD	BANK PEKAO SA	GDS (REPR 1 ORD PLN1)(REG S)	US0644512065	DPRS	Financials	Banks	27/09/2004	Poland	USD	MAIN MARKET	Standard GDRs	IOBU	LLLN
69IR	BANQUE MAROCAINE DU COMMERCE EXTERIEUR	GDR (REPR 1/3 ORD MAD10)(144A)	US06674P1066	DPRS	Financials	Banks	09/07/1998	Morocco	USD	MAIN MARKET	Standard GDRs	MISC	INTM
BMED	BANQUE MAROCAINE DU COMMERCE EXTERIEUR	GDR (REPR 1/3 ORD MAD10)(REG S)	US06674P2056	DPRS	Financials	Banks	27/09/2004	Morocco	USD	MAIN MARKET	Standard GDRs	IOBU	LLLN
BXP	BEXIMCO PHARMACEUTICALS LIMITED	GDR (EACH REPR 1 ORD BDT10)(REGS)	US0885792061	DPRS	Health Care	Health Care	19/09/2006	Bangladesh	GBX	AIM		ASX1	AIMP
BLBD	BLOM BANK SAL	GDS REPR 1 ORD'B'SHS LBP10000(REG S)	US0936881095	DPRS	Financials	Banks	11/05/2006	Lebanon	USD	ADMISSION TO TRADING ONLY		IOBE	INHE
BYB	BYBLOS BANK S.A.L	GDR (EACH REPR 50 COM SHS) (REG S)	US12431A1016	DPRS	Financials	Banks	19/02/2009	Lebanon	USD	MAIN MARKET	Standard GDRs	IOBU	LLLN
CVH	CABLEVISION HOLDING S.A.	GDS (EACH REPR 1 CLS B SHR)	US12687E1047	DPRS			21/02/2018	Argentina	USD	MAIN MARKET	Standard GDRs	IOBE	LLHE
CFHS	CATHAY FINANCIAL HOLDING CO LTD	GDR (EACH REPR 10 TWD10)(REG S)	US14915V2051	DPRS	Financials	Insurance	27/09/2004	Taiwan	USD	ADMISSION TO TRADING ONLY		IOBU	INLN
CGVA	CG POWER AND INDUSTRIAL SOLUTIONS LIMITED	GDR (EACH REPR 5 ORD INR2)(RULE 144A)	US12536P1021	DPRS	Industrials	Industrial Goods & Services	20/03/2017	India	USD	PROFESSIONAL SECURITIES MARKET	Standard GDRs	MISC	INPD
CGVD	CG POWER AND INDUSTRIAL SOLUTIONS LIMITED	GDR (REPR 5 ORD INR2)(REG S)	US12536P2011	DPRS	Industrials	Industrial Goods & Services	20/03/2017	India	USD	PROFESSIONAL SECURITIES MARKET	Standard GDRs	IOBU	IPLN
SNP	CHINA PETROLEUM & CHEMICAL CORPORATION	ADS (EACH REPR 100'H'SHS CNY 1.00)	US16941R1086	DPRS	Oil & Gas	Oil & Gas	29/09/2004	China	USD	MAIN MARKET	Standard GDRs	IOBU	LLLU
CNSD	CHINA STEEL CORPORATION	GDS (REPR 20 SHS COM STK)	USY150411251	DPRS	Basic Materials	Basic Resources	23/03/2005	Taiwan	USD	ADMISSION TO TRADING ONLY		IOBU	INLN
41JB	COMMERCIAL INTERNATIONAL BANK (EGYPT) S.A.E.	GDR (EACH REPR 1 ORD EGP10)(144A)	US2017121060	DPRS	Financials	Banks	09/07/1998	Egypt	USD	MAIN MARKET	Standard GDRs	MISC	INTM
CBKD	COMMERCIAL INTERNATIONAL BANK (EGYPT) S.A.E.	GDR (EACH REPR 1 ORD EGP10)(REGS)	US2017122050	DPRS	Financials	Banks	20/12/2004	Egypt	USD	MAIN MARKET	Standard GDRs	IOBE	LLHE
CEIA	COMPAL ELECTRONICS INC	GDS (EACH REPR 5 SHS) (144A)	US20440Y3099	DPRS	Technology	Technology	23/12/2009	Taiwan	USD	ADMISSION TO TRADING ONLY		MISC	INAD
CEIR	COMPAL ELECTRONICS INC	GDS (EACH REPR 5 SHS) (REG S)	US20440Y2000	DPRS	Technology	Technology	23/12/2009	Taiwan	USD	ADMISSION TO TRADING ONLY		IOBU	INLN
DGED	DIAGEO PLC	ADR (4:1)	US25243Q2057	DPRS	Consumer Goods	Food & Beverage	28/06/2002	United Kingdom	USD	MAIN MARKET	Standard GDRs	MISL	ADPL
DBP	DIAMOND BANK PLC	GDR (EACH REPR 100 ORD SHS)	US25256V2088	DPRS	Financials	Banks	15/12/2007	Nigeria	USD	PROFESSIONAL SECURITIES MARKET	Standard GDRs	IOBU	IPLU
DBPA	DIAMOND BANK PLC	GDR (EACH REPR 100 ORD SHS)(CCI)	US25256V1098	DPRS	Financials	Banks	11/12/2007	Nigeria	USD	PROFESSIONAL SECURITIES MARKET	Standard GDRs	IOBU	IPLU
DTVL	DISH TV INDIA LIMITED	GDR (EACH REPR ONE SHR)	US25471A4013	DPRS	Consumer Services	Media	13/04/2018	India	USD	PROFESSIONAL SECURITIES MARKET	Standard GDRs	IOBE	IPHE
63PE	EASTPHARMA LTD	GDR (EACH REPR 1 COM SHR)(144A)	US27778Q1058	DPRS	Health Care	Health Care	18/07/2007	Bermuda	USD	MAIN MARKET	Standard GDRs	MISC	INTM
EAST	EASTPHARMA LTD	GDR (EACH REPR 1 COM SHR)(REGS)	US27778Q2049	DPRS	Health Care	Health Care	12/07/2007	Bermuda	USD	MAIN MARKET	Standard GDRs	IOBU	LLLN
66XD	EDITA FOOD INDUSTRIES S.A.E.	GDR (EACH REPR 5 ORDS OF EGP0.2)(144A)	US28106T1007	DPRS	Consumer Goods	Food & Beverage	02/04/2015	Egypt	USD	MAIN MARKET	Standard GDRs	MISC	INTM
EFID	EDITA FOOD INDUSTRIES S.A.E.	GDR (EACH REPR 5 ORDS OF EGP0.2)(REG S)	US28106T2096	DPRS	Consumer Goods	Food & Beverage	02/04/2015	Egypt	USD	MAIN MARKET	Standard GDRs	IOBE	LLHE
BG79	EFG-HERMES HOLDING S.A.E.	GDR (EACH REPR 2 ORD EGP5)(144A)	US2684253030	DPRS	Financials	Banks	19/04/2001	Egypt	USD	MAIN MARKET	Standard GDRs	MISC	INTM
EFGD	EFG-HERMES HOLDING S.A.E.	GDR (EACH REPR 2 ORD EGP5)(REGS)	US2684254020	DPRS	Financials	Banks	20/06/2005	Egypt	USD	MAIN MARKET	Standard GDRs	IOBE	LLHE
94PF	EN+ GROUP PLC	GDR (EACH REPR 1 ORD) (144A)	US29355E1091	DPRS	Basic Materials	Basic Resources	08/11/2017	Jersey	USD	MAIN MARKET		MISC	INTM
ENPL	EN+ GROUP PLC	GDR (EACH REPR 1 ORD) (REG S)	US29355E2081	DPRS	Basic Materials	Basic Resources	08/11/2017	Jersey	USD	MAIN MARKET	Standard GDRs	IOBU	LLLN
EPIA	EPISTAR CORPORATION	GDR (EACH REPR 5 COM SHS) (144A)	US29428C1062	DPRS	Technology	Technology	23/09/2009	Taiwan	USD	ADMISSION TO TRADING ONLY		MISC	INAD
EPIS	EPISTAR CORPORATION	GDR (EACH REPR 5 COM SHS) (REG S)	US29428C2052	DPRS	Technology	Technology	23/09/2009	Taiwan	USD	ADMISSION TO TRADING ONLY		IOBE	INHE
62UM	ETALON GROUP PLC	GDR (EACH REPR 1 ORD) (144A)	US29760G2021	DPRS	Financials	Real Estate	20/04/2011	Cyprus	USD	MAIN MARKET	Standard GDRs	MISC	INTM
ETLN	ETALON GROUP PLC	GDR (EACH REPR 1 ORD) (REG S)	US29760G1031	DPRS	Financials	Real Estate	20/04/2011	Cyprus	USD	MAIN MARKET	Standard GDRs	IOBE	LLHE
EGMA	EVERGREEN MARINE CORPORATION (TAIWAN) LD.	GDR (REPR 10 COM SHS TWD10)(144A)	US3002461057	DPRS	Industrials	Industrial Goods & Services	26/09/2006	Taiwan	USD	PROFESSIONAL SECURITIES MARKET	Standard GDRs	MISC	INPD
EGMD	EVERGREEN MARINE CORPORATION (TAIWAN) LD.	GDR (REPR 10 COM SHS TWD10)(REG S)	US3002462048	DPRS	Industrials	Industrial Goods & Services	26/09/2006	Taiwan	USD	PROFESSIONAL SECURITIES MARKET	Standard GDRs	IOBU	IPLN
67NW	EZZ STEEL COMPANY - S.A.E.	GDS(EACH REPR 3 ORD EGP5)(144A)	US26934Q1085	DPRS	Basic Materials	Basic Resources	25/03/2011	Egypt	USD	MAIN MARKET	Standard GDRs	MISC	ADRN
AEZD	EZZ STEEL COMPANY - S.A.E.	GDS EACH REPR 3 ORD EGP5(REG S)	US26934Q2075	DPRS	Basic Materials	Basic Resources	25/03/2011	Egypt	USD	MAIN MARKET	Standard GDRs	IOBU	LLLN
FETD	FAR EASTERN NEW CENTURY CORPORATION	GDS (EACH REPR 10 TWD10)(REG S)	US3073313062	DPRS	Consumer Goods	Personal & Household Goods	11/10/2004	Taiwan	USD	ADMISSION TO TRADING ONLY		IOBU	INLN
FEC	FAR EASTONE TELECOMMUNICATIONS CO LTD	GDR (EACH REPR 15 COM TWD10)	US30733Q7079	DPRS	Telecommunications	Telecommunications	13/11/2008	Taiwan	USD	ADMISSION TO TRADING ONLY		IOBU	INLN
FEDA	FEDERAL BANK LIMITED (THE)	GDR (EACH REPR 1 ORD) (144A)	US3131621092	DPRS			30/01/2006	India	USD	PROFESSIONAL SECURITIES MARKET	Standard GDRs	MISC	INPD
FEDS	FEDERAL BANK LIMITED (THE)	GDR (EACH REPR 1 ORD) (REGS)	XS0229331755	DPRS			31/01/2006	India	USD	PROFESSIONAL SECURITIES MARKET	Standard GDRs	IOBU	IPLN
FEEA	FEDERAL GRID COMPANY OF UNIFIED ENERGY SYSTEM, PUBLIC JOINT-STOCK COMPANY	GDR (RULE 144A)	US3133541025	DPRS	Utilities	Utilities	28/03/2011	Russian Federation	USD	MAIN MARKET	Standard GDRs	MISC	INTM
FEES	FEDERAL GRID COMPANY OF UNIFIED ENERGY SYSTEM, PUBLIC JOINT-STOCK COMPANY	GDR (REG S)	US3133542015	DPRS	Utilities	Utilities	28/03/2011	Russian Federation	USD	MAIN MARKET	Standard GDRs	IOBE	LLHE
FP.	FONDUL PROPRIETATEA S.A.	GDR (EACH REPR 50 ORD) (REG S)	US34460G1067	DPRS	Financials	Financial Services	29/04/2015	Romania	USD	MAIN MARKET - SFS		IOBE	INNE
73CL	FRUTAROM INDUSTRIES LD	GDR EACH REPR 1 ORD NIS1.00(144A)	US35950R1068	DPRS	Basic Materials	Chemicals	08/02/2005	Israel	USD	MAIN MARKET	Standard GDRs	MISC	INTM
FRUT	FRUTAROM INDUSTRIES LD	GDR EACH REPR 1 ORD NIS1.00(REGS)	US35950R2058	DPRS	Basic Materials	Chemicals	03/02/2005	Israel	USD	MAIN MARKET	Standard GDRs	IOBU	LLLU
GAIA	GAIL (INDIA) LD	GDR (EACH REPR 6 INR10)(144A)	US36268T1079	DPRS	Oil & Gas	Oil & Gas	06/12/2002	India	USD	PROFESSIONAL SECURITIES MARKET	Standard GDRs	MISC	INPE
GAID	GAIL (INDIA) LD	GDR (REPR 6 ORD INR10)(REG S)	US36268T2069	DPRS	Oil & Gas	Oil & Gas	27/09/2004	India	USD	PROFESSIONAL SECURITIES MARKET	Standard GDRs	IOBE	IPHE
80GM	GLOBAL PORTS INVESTMENTS PLC	GDR (EACH REPR 3 ORD) (144A)	US37951Q1031	DPRS	Industrials	Industrial Goods & Services	29/06/2011	Cyprus	USD	MAIN MARKET	Standard GDRs	MISC	INTM
GLPR	GLOBAL PORTS INVESTMENTS PLC	GDR (EACH REPR 3 ORD) (REG S)	US37951Q2021	DPRS	Industrials	Industrial Goods & Services	29/06/2011	Cyprus	USD	MAIN MARKET	Standard GDRs	IOBE	LLHE
38KH	GLOBALTRANS INVESTMENT PLC	GDR (EACH REPR 1 ORD) (144A)	US37949E1055	DPRS	Industrials	Industrial Goods & Services	08/05/2008	Cyprus	USD	MAIN MARKET	Standard GDRs	MISC	INTM
GLTR	GLOBALTRANS INVESTMENT PLC	GDR (EACH REPR 1 ORD) (REG S)	US37949E2046	DPRS	Industrials	Industrial Goods & Services	30/04/2008	Cyprus	USD	MAIN MARKET	Standard GDRs	IOBE	LLHE
GEEC	GREAT EASTERN ENERGY CORPORATION LIMITED	GDR (EACH REPR 0.5 ORD INR10)	US39032T1060	DPRS	Oil & Gas	Oil & Gas	13/12/2005	India	GBX	MAIN MARKET	Standard GDRs	SSX3	SQSL
GET	GREEN ENERGY TECHNOLOGY INC.	GDR (EACH REPR 5 COM SHS) (REG S)	US39303W2008	DPRS	Oil & Gas	Oil & Gas	03/08/2009	Taiwan	USD	ADMISSION TO TRADING ONLY		IOBU	INLN
GETA	GREEN ENERGY TECHNOLOGY INC.	GDR (EACH REPR 5 COM SHS) (144A)	US39303W1018	DPRS	Oil & Gas	Oil & Gas	03/08/2009	Taiwan	USD	ADMISSION TO TRADING ONLY		MISC	INAD
42KU	GRUPO CLARIN S.A.	GDR(EACH REPR 2 B SHS)(144A)	US40052A3086	DPRS	Consumer Services	Media	31/08/2017	Argentina	USD	MAIN MARKET	Standard GDRs	MISC	INTM
GCLA	GRUPO CLARIN S.A.	GDR(EACH REPR 2 B SHS)(REG S)	US40052A4076	DPRS	Consumer Services	Media	31/08/2017	Argentina	USD	MAIN MARKET	Standard GDRs	IOBE	LLHE
87QR	GUARANTY TRUST BANK PLC	GDR (EACH REPR 50 ORD SHS) (144A)	US40124Q1094	DPRS	Financials	Banks	26/07/2007	Nigeria	USD	MAIN MARKET	Standard GDRs	MISC	INTM
GRTB	GUARANTY TRUST BANK PLC	GDR (EACH REPR 50 ORD SHS)(REG S)	US40124Q2084	DPRS	Financials	Banks	23/07/2007	Nigeria	USD	MAIN MARKET	Standard GDRs	IOBE	LLHE
86PB	HANATOUR SERVICE INC.	GDR (5 GDR'S REPR 1 COM SHR) (144A)	US4096501089	DPRS			07/11/2006	South Korea	USD	MAIN MARKET	Standard GDRs	MISC	INTM
TOUR	HANATOUR SERVICE INC.	GDR (5 GDR'S REPR 1 COM SHR) (REGS)	US4096502079	DPRS			07/11/2006	South Korea	USD	MAIN MARKET	Standard GDRs	IOBU	LLLU
98LQ	HELLENIC PETROLEUM SA	GDS (REPR 1 ORD SHS GRD500)(144A)	US4233231046	DPRS	Oil & Gas	Oil & Gas	30/06/1998	Greece	USD	MAIN MARKET	Standard GDRs	MISC	INTM
HLPD	HELLENIC PETROLEUM SA	GDS (REPR 1 ORD SHS GRD500)(REG S)	US4233232036	DPRS	Oil & Gas	Oil & Gas	27/09/2004	Greece	USD	MAIN MARKET	Standard GDRs	IOBU	LLLN
OTES	HELLENIC TELECOMMUNICATIONS ORGANIZATION S.A.	ADS(REPR 1/2 OF 1 SHS GRD750)	US4233253073	DPRS	Telecommunications	Telecommunications	27/09/2004	Greece	USD	MAIN MARKET	Standard GDRs	IOBU	LLLU
46GM	HMS HYDRAULIC  MACHINES & SYSTEMS GROUP PLC	GDR (EACH REPR 5 ORD) (144A)	US40425X3089	DPRS	Industrials	Industrial Goods & Services	08/02/2016	Cyprus	USD	MAIN MARKET	Standard GDRs	MISC	INTM
HMSG	HMS HYDRAULIC  MACHINES & SYSTEMS GROUP PLC	GDR (EACH REPR 5 ORD) (REG S)	US40425X4079	DPRS	Industrials	Industrial Goods & Services	08/02/2016	Cyprus	USD	MAIN MARKET	Standard GDRs	IOBE	LLHE
HAG	HOANG ANH GIA LAI JOINT STOCK COMPANY	GDR (REG S)	US4337181030	DPRS			23/03/2011	Vietnam	USD	PROFESSIONAL SECURITIES MARKET	Standard GDRs	IOBE	IPHE
HHPD	HON HAI PRECISION INDUSTRY CO. LTD	GDR (EACH REPR 2 SHS TWD10)(REG S)	US4380902019	DPRS	Industrials	Industrial Goods & Services	28/02/2006	Taiwan	USD	MAIN MARKET	Standard GDRs	IOBE	LLHE
HHPG	HON HAI PRECISION INDUSTRY CO. LTD	GDR (EACH REPR 2 SHS TWD10)(144A)	US4380901029	DPRS	Industrials	Industrial Goods & Services	20/09/2006	Taiwan	USD	MAIN MARKET	Standard GDRs	MISC	INTM
HYUD	HYUNDAI MOTOR COMPANY	GDR (REPR 1/2 NV CAP KWN5000)(REG S)	USY384721251	DPRS	Consumer Goods	Automobiles & Parts	29/09/2004	South Korea	USD	MAIN MARKET	Standard GDRs	IOBE	LLHE
HYUO	HYUNDAI MOTOR COMPANY	GDS (EACH REPR 1/2 ORD KRW5000)	US4491877076	DPRS	Consumer Goods	Automobiles & Parts	13/11/2008	South Korea	USD	ADMISSION TO TRADING ONLY		IOBU	INLN
HYUP	HYUNDAI MOTOR COMPANY	GDS (EACH REPR 1/2 PREF  KRW5000)	US4491875096	DPRS	Consumer Goods	Automobiles & Parts	13/11/2008	South Korea	USD	ADMISSION TO TRADING ONLY		IOBU	INLN
14VM	IG SEISMIC SERVICES PLC	GDR (EACH REPR 2 ORDS) (144A)	US4495971032	DPRS	Oil & Gas	Oil & Gas	12/12/2012	Cyprus	USD	MAIN MARKET	Standard GDRs	MISC	INTM
IGSS	IG SEISMIC SERVICES PLC	GDR (EACH REPR 2 ORDS) (REG S)	US4495972022	DPRS	Oil & Gas	Oil & Gas	12/12/2012	Cyprus	USD	MAIN MARKET	Standard GDRs	IOBE	LLHE
37QB	JSC HALYK BANK	GDR (EACH REPR 40 COM SHS) (144A)	US46627J2033	DPRS	Financials	Banks	20/12/2006	Kazakhstan	USD	MAIN MARKET	Standard GDRs	MISC	INTM
HSBK	JSC HALYK BANK	GDR (EACH REPR 40 COM SHS) (REG S)	US46627J3023	DPRS	Financials	Banks	14/12/2006	Kazakhstan	USD	MAIN MARKET	Standard GDRs	IOBE	LLHE
36GK	JSC VTB BANK	GDR (EACH REPR 2,000 SHS)(144A)	US46630Q1031	DPRS	Financials	Banks	17/05/2007	Russian Federation	USD	MAIN MARKET	Standard GDRs	MISC	INTM
VTBR	JSC VTB BANK	GDR (EACH REPR 2,000 SHS)(REGS)	US46630Q2021	DPRS	Financials	Banks	11/05/2007	Russian Federation	USD	MAIN MARKET	Standard GDRs	IOBE	LLHE
19PS	KCELL JOINT STOCK COMPANY	GDR (EACH REPR 1 COM SHR) (144A)	US48668G1067	DPRS	Telecommunications	Telecommunications	15/12/2012	Kazakhstan	USD	MAIN MARKET	Standard GDRs	MISC	INTM
KCEL	KCELL JOINT STOCK COMPANY	GDR (EACH REPR 1 COM SHR) (REG S)	US48668G2057	DPRS	Telecommunications	Telecommunications	15/12/2012	Kazakhstan	USD	MAIN MARKET	Standard GDRs	IOBE	LLHE
56UB	KUMHO TIRE CO INC	GDR (REPR 1/2 OF COM SHS KRW5000)(144A)	US50125M1062	DPRS	Consumer Goods	Automobiles & Parts	16/02/2005	South Korea	USD	MAIN MARKET	Standard GDRs	MISC	INTM
KHTC	KUMHO TIRE CO INC	GDR (REPR 1/2 OF COM SHS KRW5000)	US50125M2052	DPRS	Consumer Goods	Automobiles & Parts	16/02/2005	South Korea	USD	MAIN MARKET	Standard GDRs	IOBU	LLLN
LTOD	LARSEN AND TOUBRO LIMITED	GDS (REPR 1 ORD INR2)(REG'S')	USY5217N1183	DPRS	Industrials	Construction & Materials	27/09/2004	India	USD	ADMISSION TO TRADING ONLY		IOBE	INHE
LNTA	LENTA LTD	GDR (EACH 5 REPR 1 ORD) (REG S)	US52634T2006	DPRS	Consumer Services	Retail	05/03/2014	British Virgin Islands	USD	MAIN MARKET	Standard GDRs	IOBE	LLHE
LNTR	LENTA LTD	GDR (EACH 5 REPR 1 ORD) (144A)	US52634T1016	DPRS	Consumer Services	Retail	05/03/2014	British Virgin Islands	USD	MAIN MARKET	Standard GDRs	MISC	INTM
39IB	LG ELECTRONICS INC	GDS (REPR 1/2 NON-VTG STK KWN5000)(144A)	US50186Q2021	DPRS	Consumer Goods	Personal & Household Goods	05/09/2002	South Korea	USD	MAIN MARKET	Standard GDRs	MISC	INTM
LGLD	LG ELECTRONICS INC	GDS(REPR 1/2 NON-VTG STK KWN5000)(REG S)	US50186Q2021	DPRS	Consumer Goods	Personal & Household Goods	27/09/2004	South Korea	USD	MAIN MARKET	Standard GDRs	IOBU	LLLN
LTTD	LITE-ON TECHNOLOGY CORPORATION	GDR(REPR 10 ORD TWD10)(REG S)	US5367593010	DPRS	Industrials	Industrial Goods & Services	27/07/2007	Taiwan	USD	PROFESSIONAL SECURITIES MARKET	Standard GDRs	IOBU	IPLN
LTTG	LITE-ON TECHNOLOGY CORPORATION	GDR (REPR 10 ORD TWD10)(144A)	US5367594000	DPRS	Industrials	Industrial Goods & Services	27/07/2007	Taiwan	USD	PROFESSIONAL SECURITIES MARKET	Standard GDRs	MISC	INPD
LLD2	LLOYDS BANKING GROUP PLC	ADR (EACH REPR 6.413% PREF SHS) 144A	US539439AC38	DPRS	Financials	Banks	19/01/2009	United Kingdom	USD	MAIN MARKET	Standard Debt	MISL	ADPL
LKCA	LUCKY CEMENT LIMITED	GDR (EACH REPR 4 EQTY SHS) (144A)	US5495201049	DPRS			08/05/2008	Pakistan	USD	PROFESSIONAL SECURITIES MARKET	Standard GDRs	MISC	INPD
LKCS	LUCKY CEMENT LIMITED	GDR (EACH REPR 4 EQTY SHS) (REG S)	US5495202039	DPRS			13/05/2008	Pakistan	USD	PROFESSIONAL SECURITIES MARKET	Standard GDRs	IOBU	IPLN
11KQ	MADINET NASR FOR HOUSING & DEVELOPMENT S.A.E.	GDR (REPR 4 ORDS) 144A	US5565241065	DPRS			22/12/2017	Egypt	USD	ADMISSION TO TRADING ONLY		MISC	INAD
MNHD	MADINET NASR FOR HOUSING & DEVELOPMENT S.A.E.	GDR (REPR 4 ORD) REG S	US5565242055	DPRS			22/12/2017	Egypt	USD	ADMISSION TO TRADING ONLY		IOBU	INLU
MOLD	MAGYAR OLAJ-ES GAZIPARE RESZVENYTAR	GDS (EACH REPR 1/2 ORD SHR)(REG S)	US6084642023	DPRS	Oil & Gas	Oil & Gas	27/09/2004	Hungary	USD	ADMISSION TO TRADING ONLY		IOBU	INLN
MAVD	MAGYAR TELEKOM TELECOMMUNICATIONS PLC	ADS (EACH REPR 5 SHS HUF100)	US5597761098	DPRS	Telecommunications	Telecommunications	27/09/2004	Hungary	USD	ADMISSION TO TRADING ONLY		IOBU	INLU
MHID	MAHINDRA & MAHINDRA LIMITED	GDR (REPR 1 ORD INR10 REG 'S')	USY541641194	DPRS	Industrials	Industrial Goods & Services	27/09/2004	India	USD	ADMISSION TO TRADING ONLY		IOBE	INHE
61HE	MAIL.RU GROUP LIMITED	GDR (EACH REPR 1 ORD) (144A)	US5603171092	DPRS	Technology	Technology	05/11/2010	British Virgin Islands	USD	MAIN MARKET	Standard GDRs	MISC	INTM
MAIL	MAIL.RU GROUP LIMITED	GDR (EACH REPR 1 ORD) (REG S)	US5603172082	DPRS	Technology	Technology	05/11/2010	British Virgin Islands	USD	MAIN MARKET	Standard GDRs	IOBE	LLHE
05IS	MANDO MACHINERY CORPORATION	GDR (EACH REPR 1/2 SHS COM STK)(144 A)	US5626651096	DPRS	Consumer Goods	Automobiles & Parts	09/07/1998	South Korea	USD	MAIN MARKET	Standard GDRs	MISC	INTM
MNMD	MANDO MACHINERY CORPORATION	GDR (REPR 1/2 SHS COM STK)(REG S)	USY576241019	DPRS	Consumer Goods	Automobiles & Parts	29/09/2004	South Korea	USD	MAIN MARKET	Standard GDRs	IOBU	LLLN
14NY	MD MEDICAL GROUP INVESTMENTS PLC	GDR (EACH REPR 1 ORD) (144A)	US55279C1018	DPRS	Health Care	Health Care	17/10/2012	Cyprus	USD	MAIN MARKET	Standard GDRs	MISC	INTM
MDMG	MD MEDICAL GROUP INVESTMENTS PLC	GDR (EACH REPR 1 ORD) (REG S)	US55279C2008	DPRS	Health Care	Health Care	12/10/2012	Cyprus	USD	MAIN MARKET	Standard GDRs	IOBE	LLHE
71HT	MHP SE	GDR (EACH REPR 1 ORD) (144A)	US55302T1051	DPRS	Consumer Goods	Food & Beverage	14/05/2008	Luxembourg	USD	MAIN MARKET	Standard GDRs	MISC	INTM
MHPC	MHP SE	GDR (EACH REPR 1 ORD) (REG S)	US55302T2042	DPRS	Consumer Goods	Food & Beverage	09/05/2008	Luxembourg	USD	MAIN MARKET	Standard GDRs	IOBE	LLHE
NPSN	NASPERS LIMITED	ADR (5 ADRS REPR 1 CLS N ORD)	US6315122092	DPRS			11/08/2017	South Africa	USD	MAIN MARKET	Standard GDRs	IOBU	LLLU
NLMA	NOVOLIPETSK STEEL	GDS EACH REPR 10 ORD RUB1 '144A'	US67011E1055	DPRS	Basic Materials	Basic Resources	09/12/2005	Russian Federation	USD	MAIN MARKET	Standard GDRs	MISC	INTM
NLMK	NOVOLIPETSK STEEL	GDS EACH REPR 10 ORD RUB1 'REG S'	US67011E2046	DPRS	Basic Materials	Basic Resources	09/12/2005	Russian Federation	USD	MAIN MARKET	Standard GDRs	IOBE	LLHE
37OC	OIL AND GAS DEVELOPMENT COMPANY LIMITED	GDR (EACH REPR 10 ORD)(144A)	US67778Q1013	DPRS	Oil & Gas	Oil & Gas	06/12/2006	Pakistan	USD	MAIN MARKET	Standard GDRs	MISC	INTM
OGDC	OIL AND GAS DEVELOPMENT COMPANY LIMITED	GDR (EACH REPR 10 ORD)(REGS)	US67778Q2003	DPRS	Oil & Gas	Oil & Gas	06/12/2006	Pakistan	USD	MAIN MARKET	Standard GDRs	IOBE	LLHE
RKMD	OJSC ROSTELECOM	ADR (EACH REPR 6 RUB0.0025)(LEVEL I)	US7785291078	DPRS	Telecommunications	Telecommunications	27/09/2004	Russian Federation	USD	ADMISSION TO TRADING ONLY		IOBE	INHE
61HD	O'KEY GROUP S.A.	GDR (EACH REPR 1 ORD) (144A)	US6708661029	DPRS	Consumer Services	Retail	04/11/2010	Luxembourg	USD	MAIN MARKET	Standard GDRs	MISC	INTM
OKEY	O'KEY GROUP S.A.	GDR (EACH REPR 1 ORD) (REG S)	US6708662019	DPRS	Consumer Services	Retail	04/11/2010	Luxembourg	USD	MAIN MARKET	Standard GDRs	IOBE	LLHE
PETB	OMV PETROM S.A.	GDR (EACH REPR 150 ORD) (REG S)	US67102R3049	DPRS			20/10/2016	Romania	USD	MAIN MARKET	Standard GDRs	IOBE	LLHE
PETR	OMV PETROM S.A.	GDR (EACH REPR 150 ORD) (144A)	US67102R2058	DPRS			20/10/2016	Romania	USD	MAIN MARKET	Standard GDRs	MISC	INTM
OIH	ORASCOM INVESTMENT HOLDING S.A.E	GDR (EACH REPR 5 ORD)(REG S)	US68555D2062	DPRS	Telecommunications	Telecommunications	13/03/2012	Egypt	USD	MAIN MARKET	Standard GDRs	IOBE	LLHE
OCP	ORCHID PHARMA LIMITED	GDR (EACH REPR 1 ORD OF INR10)(REGS)	US68572Y2090	DPRS	Health Care	Health Care	03/11/2005	India	USD	ADMISSION TO TRADING ONLY		IOBU	INLU
OCPA	ORCHID PHARMA LIMITED	GDR (EACH REPR 1 ORD OF INR10)(144A)	US68572Y1001	DPRS	Health Care	Health Care	28/10/2005	India	USD	ADMISSION TO TRADING ONLY		MISC	INAD
OTPD	OTP BANK PLC	GDR (EACH REPR 1/2 ORD HUF100)(REG S)	USX607461166	DPRS	Financials	Banks	27/09/2004	Hungary	USD	ADMISSION TO TRADING ONLY		IOBU	INLN
47KT	PAINTS & CHEMICAL INDUSTRIES COMPANY S.A.E.	GDR (REPR 1/3 SHR)(144A)	US69578R1077	DPRS			09/07/1998	Egypt	USD	MAIN MARKET	Standard GDRs	MISC	INTM
PCLD	PAINTS & CHEMICAL INDUSTRIES COMPANY S.A.E.	GDR (REPR 1/3 SHS)(REG S)	US69578R2067	DPRS			27/09/2004	Egypt	USD	MAIN MARKET	Standard GDRs	IOBU	LLLN
38KN	PALM HILLS DEVELOPMENTS S.A.E	GDR (EACH REPR 20 ORD) (144A)	US6966404088	DPRS			01/08/2016	Egypt	USD	MAIN MARKET	Standard GDRs	MISC	INTM
PHDC	PALM HILLS DEVELOPMENTS S.A.E	GDR (EACH REPR 20 ORD) (REG S)	US6966405077	DPRS			01/08/2016	Egypt	USD	MAIN MARKET	Standard GDRs	IOBU	LLLN
NVTK	PAO NOVATEK	GDR (EACH REPR 10 ORD) 'REG S'	US6698881090	DPRS	Oil & Gas	Oil & Gas	21/07/2005	Russian Federation	USD	MAIN MARKET	Standard GDRs	IOBE	LLHE
69SI	PAO TMK	GDR(EACH REPR 4 ORDS) (144A)	US87260R1023	DPRS	Basic Materials	Basic Resources	03/11/2006	Russian Federation	USD	MAIN MARKET	Standard GDRs	MISC	INTM
TMKS	PAO TMK	GDR(EACH REPR 4 ORDS) (REGS)	US87260R2013	DPRS	Basic Materials	Basic Resources	01/11/2006	Russian Federation	USD	MAIN MARKET	Standard GDRs	IOBE	LLHE
34NF	PJSC ACRON	GDR (10 GDRS REPR 1 ORD) (144A)	US00501T1007	DPRS	Basic Materials	Chemicals	12/08/2008	Russian Federation	USD	MAIN MARKET	Standard GDRs	MISC	INTM
AKRN	PJSC ACRON	GDR (10 GDRS REPR 1 ORD) (REG S)	US00501T2096	DPRS	Basic Materials	Chemicals	07/08/2008	Russian Federation	USD	MAIN MARKET	Standard GDRs	IOBE	LLHE
TRCN	PJSC CENTER FOR CARGO CONTAINER TRAFFIC TRANSCONTAINER	GDR (EACH REPR 0.1 ORD) (REG S)	US8935561006	DPRS	Industrials	Industrial Goods & Services	11/11/2010	Russian Federation	USD	MAIN MARKET	Standard GDRs	IOBE	LLHE
81JK	PJSC GAZPROM	ADS (REPR 10 ORD)(144A)	US3682871088	DPRS	Oil & Gas	Oil & Gas	16/09/1999	Russian Federation	USD	MAIN MARKET	Standard GDRs	MISC	INTM
OGZD	PJSC GAZPROM	LEVEL 1 ADS (REPR 2 ORD)	US3682872078	DPRS	Oil & Gas	Oil & Gas	27/09/2004	Russian Federation	USD	MAIN MARKET	Standard GDRs	IOBE	LLHE
54UD	PJSC LSR GROUP	GDR (EACH REPR 1/5 ORD SHR) (144A)	US50218G1076	DPRS	Industrials	Construction & Materials	16/11/2007	Russian Federation	USD	MAIN MARKET	Standard GDRs	MISC	INTM
LSRG	PJSC LSR GROUP	GDR (EACH REPR 1/5 ORD SHR) (REG S)	US50218G2066	DPRS	Industrials	Construction & Materials	09/11/2007	Russian Federation	USD	MAIN MARKET	Standard GDRs	IOBE	LLHE
LKOD	PJSC LUKOIL 	ADR (EACH REPR 1 ORD RUB0.025)	US69343P1057	DPRS	Oil & Gas	Oil & Gas	20/10/2015	Russian Federation	USD	MAIN MARKET	Standard GDRs	IOBE	LLHE
LKOE	PJSC LUKOIL 	GDR (REPR 1 ORD SHS RUB0.025)(144A)	US69343P2048	DPRS	Oil & Gas	Oil & Gas	20/10/2015	Russian Federation	USD	MAIN MARKET	Standard GDRs	MISC	INTM
50XD	PJSC MAGNIT	GDR (5 GDRS REPR 1 ORD) (144A)	US55953Q1031	DPRS	Consumer Services	Retail	19/04/2008	Russian Federation	USD	MAIN MARKET	Standard GDRs	MISC	INTM
MGNT	PJSC MAGNIT	GDR (5 GDRS REPR 1 ORD) (REG S)	US55953Q2021	DPRS	Consumer Services	Retail	16/04/2008	Russian Federation	USD	MAIN MARKET	Standard GDRs	IOBE	LLHE
42CL	PJSC MAGNITOGORSK IRON & STEEL WORKS	GDR (EACH REPR 13 ORD RUB1) (144A)	US5591891057	DPRS	Basic Materials	Basic Resources	27/04/2007	Russian Federation	USD	MAIN MARKET	Standard GDRs	MISC	INTM
MMK	PJSC MAGNITOGORSK IRON & STEEL WORKS	GDR (EACH REPR 13 ORD RUB1) (REG S)	US5591892048	DPRS	Basic Materials	Basic Resources	24/04/2007	Russian Federation	USD	MAIN MARKET	Standard GDRs	IOBE	LLHE
17GK	PJSC MEGAFON	GDR (EACH REPR 1 ORD) (144A)	US58517T1007	DPRS	Telecommunications	Telecommunications	28/11/2012	Russian Federation	USD	MAIN MARKET	Standard GDRs	MISC	INTM
MFON	PJSC MEGAFON	GDR (EACH REPR 1 ORD) (REG S)	US58517T2096	DPRS	Telecommunications	Telecommunications	28/11/2012	Russian Federation	USD	MAIN MARKET	Standard GDRs	IOBE	LLHE
MNOD	PJSC MMC NORILSK NICKEL	ADR (10 ADRS EACH REP 1 ORD)	US55315J1025	DPRS	Basic Materials	Basic Resources	21/09/2015	Russian Federation	USD	ADMISSION TO TRADING ONLY		IOBE	INHE
10NC	PJSC PHOSAGRO	GDR (3 GDRS REPR 1 ORD) (144A)	US71922G1004	DPRS	Basic Materials	Chemicals	16/07/2011	Russian Federation	USD	MAIN MARKET	Standard GDRs	MISC	INTM
PHOR	PJSC PHOSAGRO	GDR (3 GDR REPR 1 ORD) (REGS)	US71922G2093	DPRS	Basic Materials	Chemicals	16/07/2011	Russian Federation	USD	MAIN MARKET	Standard GDRs	IOBE	LLHE
92XY	PJSC RUSHYDRO	GDR (EACH REPR 100 ORD) (144A)	US7821835037	DPRS	Utilities	Utilities	11/09/2015	Russian Federation	USD	MAIN MARKET	Standard GDRs	MISC	INTM
HYDR	PJSC RUSHYDRO	ADR (EACH REPR 100 ORD)	US7821834048	DPRS	Utilities	Utilities	11/09/2015	Russian Federation	USD	MAIN MARKET	Standard GDRs	IOBE	LLHE
ATAD	PJSC TATNEFT	ADS (REPR 6 ORD RUB0.10)	US8766292051	DPRS	Oil & Gas	Oil & Gas	09/12/2015	Russian Federation	USD	MAIN MARKET	Standard GDRs	IOBE	LLHE
POSD	POWERCHIP TECHNOLOGY CORPORATION	GDS (EACH REPR 10 TWD10)(REG S)	US73931M7149	DPRS	Technology	Technology	28/09/2012	Taiwan	USD	ADMISSION TO TRADING ONLY		IOBU	INLN
POSE	POWERCHIP TECHNOLOGY CORPORATION	GDS (EACH REPR 10 TWD10)(144A)	US73931M7222	DPRS	Technology	Technology	28/09/2012	Taiwan	USD	ADMISSION TO TRADING ONLY		MISC	INAE
PESA	PRESS CORPORATION PLC	GDR (REPR 20 ORD MWK)(144A)	US74111E2090	DPRS	Industrials	Industrial Goods & Services	20/07/1998	Malawi	USD	PROFESSIONAL SECURITIES MARKET	Standard GDRs	MISC	INPE
PESD	PRESS CORPORATION PLC	GDR (REPR 20 ORD MWK1)(REG S)	US74111E1001	DPRS	Industrials	Industrial Goods & Services	27/09/2004	Malawi	USD	PROFESSIONAL SECURITIES MARKET	Standard GDRs	IOBU	IPLN
PRND	PROMOS TECHNOLOGIES INC	GDS(REPR 10 COM SHS TWD10)(REG S)	US74343C8727	DPRS	Technology	Technology	28/10/2010	Taiwan	USD	ADMISSION TO TRADING ONLY		IOBU	INLN
GAZ	PUBLIC JOINT STOCK COMPANY GAZPROM NEFT	LEVEL 1 ADR	US36829G1076	DPRS	Oil & Gas	Oil & Gas	12/06/2006	Russian Federation	USD	ADMISSION TO TRADING ONLY		IOBE	INHE
71FG	PUBLIC JOINT STOCK COMPANY NOVOROSSIYSK COMMERCIAL SEA PORT	GDR (EACH REPR 75 ORD SHS) (144A)	US67011U1097	DPRS	Industrials	Industrial Goods & Services	07/11/2007	Russian Federation	USD	MAIN MARKET	Standard GDRs	MISC	INTM
NCSP	PUBLIC JOINT STOCK COMPANY NOVOROSSIYSK COMMERCIAL SEA PORT	GDR(EACH REPR 75 ORD SHS)(REG S)	US67011U2087	DPRS	Industrials	Industrial Goods & Services	02/11/2007	Russian Federation	USD	MAIN MARKET	Standard GDRs	IOBE	LLHE
PLZA	PUBLIC JOINT STOCK COMPANY POLYUS	GDR (EACH REPR 0.5 SHS) (144A)	US73181M1099	DPRS	Basic Materials	Basic Resources	05/07/2017	Russian Federation	USD	MAIN MARKET	Standard GDRs	MISC	INTM
PLZB	PUBLIC JOINT STOCK COMPANY POLYUS	LEVEL 1 ADS (EACH REPR 0.5 SHS)	US73181P1021	DPRS	Basic Materials	Basic Resources	05/07/2017	Russian Federation	USD	MAIN MARKET	Standard GDRs	IOBU	LLLU
PLZL	PUBLIC JOINT STOCK COMPANY POLYUS	GDR (EACH REPR 0.5 SHS) (REG S)	US73181M1172	DPRS	Basic Materials	Basic Resources	05/07/2017	Russian Federation	USD	MAIN MARKET	Standard GDRs	IOBE	LLHE
MRSA	PUBLIC JOINT STOCK COMPANY ROSSETI	GDR (EACH REPR 200 ORD) 144A	US69343X1081	DPRS	Utilities	Utilities	25/09/2015	Russian Federation	USD	MAIN MARKET	Standard GDRs	IOBU	LLLU
RSTI	PUBLIC JOINT STOCK COMPANY ROSSETI	GDR (EACH REPR 200 ORD) REG S	US69343X2071	DPRS	Utilities	Utilities	25/09/2015	Russian Federation	USD	MAIN MARKET	Standard GDRs	IOBE	LLHE
50AW	PUBLIC JOINT STOCK COMPANY SEVERSTAL	GDR (EACH REPR 1 ORD RUB0.01)(144A)	US8181501045	DPRS	Basic Materials	Basic Resources	14/11/2006	Russian Federation	USD	MAIN MARKET	Standard GDRs	MISC	INTM
SVST	PUBLIC JOINT STOCK COMPANY SEVERSTAL	GDR (EACH REPR 1 ORD RUB0.01)(REGS)	US8181503025	DPRS	Basic Materials	Basic Resources	08/11/2006	Russian Federation	USD	MAIN MARKET	Standard GDRs	IOBE	LLHE
GOLD	RANDGOLD RESOURCES LD	ADS (EACH REPR 1 ORD USD0.05)	US7523443098	DPRS	Basic Materials	Basic Resources	11/07/2002	Jersey	USD	MAIN MARKET	Standard GDRs	IOBU	LLLU
REA	REI AGRO LTD	GDR(EACH REPR 20 SHR)(REG S)	US74948P3029	DPRS	Consumer Goods	Food & Beverage	24/01/2011	India	USD	MAIN MARKET	Standard GDRs	IOBU	LLLN
REAA	REI AGRO LTD	GDR(EACH REPR 1 SHR) (144A)	US74948P1049	DPRS	Consumer Goods	Food & Beverage	16/11/2005	India	USD	MAIN MARKET	Standard GDRs	MISC	INTM
RIGD	RELIANCE INDUSTRIES LIMITED	GDR (EACH REPR 2 ORD INR10 LEVEL1)(144A)	US7594701077	DPRS	Oil & Gas	Oil & Gas	27/09/2004	India	USD	ADMISSION TO TRADING ONLY		IOBE	INHE
RIFA	RELIANCE INFRASTRUCTURE LD	GDR (EACH REPR 3 SHS INR10)(144 A)	US75945E1091	DPRS	Utilities	Utilities	26/01/2007	India	USD	PROFESSIONAL SECURITIES MARKET	Standard GDRs	MISC	INPE
RIFS	RELIANCE INFRASTRUCTURE LD	GDR (REPR 3 ORD INR10)(REG S)	USY097891193	DPRS	Utilities	Utilities	26/01/2007	India	USD	PROFESSIONAL SECURITIES MARKET	Standard GDRs	IOBE	IPHE
62UL	ROS AGRO PLC	GDR (5 REPR 1 ORD) 144A	US7496551067	DPRS	Consumer Goods	Food & Beverage	13/04/2011	Cyprus	USD	MAIN MARKET	Standard GDRs	MISC	INTM
AGRO	ROS AGRO PLC	GDR (5 REPR 1 ORD) REG S	US7496552057	DPRS	Consumer Goods	Food & Beverage	13/04/2011	Cyprus	USD	MAIN MARKET	Standard GDRs	IOBE	LLHE
40XT	ROSNEFT OIL COMPANY 	GDRS (EACH REPR 1 ORD ) (144A)	US67812M1080	DPRS	Oil & Gas	Oil & Gas	19/07/2006	Russian Federation	USD	MAIN MARKET	Standard GDRs	MISC	INTM
ROSN	ROSNEFT OIL COMPANY 	GDRS (EACH REPR 1 ORD ) (REGS)	US67812M2070	DPRS	Oil & Gas	Oil & Gas	19/07/2006	Russian Federation	USD	MAIN MARKET	Standard GDRs	IOBE	LLHE
BC94	SAMSUNG ELECTRONICS CO LTD (ATT)	GDR (EACH REP 25 COM STK KRW100) (144A)	US7960508882	DPRS	Technology	Technology	09/07/1998	South Korea	USD	MAIN MARKET	Standard GDRs	MISC	INTM
SMSD	SAMSUNG ELECTRONICS CO LTD (ATT)	GDS (REPR 25 NON VTG PFD)(REG S)	US7960502018	DPRS	Technology	Technology	29/09/2004	South Korea	USD	ADMISSION TO TRADING ONLY		IOBE	INHE
SMSN	SAMSUNG ELECTRONICS CO LTD (ATT)	GDR (EACH REP 25 COM STK KRW100)(REG S)	US7960508882	DPRS	Technology	Technology	29/09/2004	South Korea	USD	MAIN MARKET	Standard GDRs	IOBE	LLHE
38LF	SBERBANK OF RUSSIA	GDS (EACH REPR 4 ORD SHS) (144A)	US80585Y4070	DPRS	Financials	Banks	22/09/2012	Russian Federation	USD	MAIN MARKET	Standard GDRs	MISC	INTM
SBER	SBERBANK OF RUSSIA	ADR (EACH REPR 4 ORD SHS)	US80585Y3080	DPRS	Financials	Banks	01/07/2011	Russian Federation	USD	MAIN MARKET	Standard GDRs	IOBE	LLHE
SSA	SISTEMA PJSFC	GDR (EACH REPR 20 ORD RUB0.09) (REGS)	US48122U2042	DPRS	Telecommunications	Telecommunications	09/02/2005	Russian Federation	USD	MAIN MARKET	Standard GDRs	IOBE	LLHE
SSAA	SISTEMA PJSFC	GDR EACH REPR 20 ORD RUB0.09 (144A)	US48122U1051	DPRS	Telecommunications	Telecommunications	14/02/2005	Russian Federation	USD	MAIN MARKET	Standard GDRs	MISC	INTM
SKMD	SK TELECOM CO LD	ADS(REPR 1/9 KWN500)	US78440P1084	DPRS	Telecommunications	Telecommunications	27/09/2004	South Korea	USD	MAIN MARKET	Standard GDRs	IOBU	LLLU
51FL	SOCIETATEA ENERGETICA ELECTRICA SA	GDR (EACH REPR 4ORD) (144A)	US83367Y1082	DPRS	Utilities	Utilities	04/07/2014	Romania	USD	MAIN MARKET	Standard GDRs	MISC	INTM
ELSA	SOCIETATEA ENERGETICA ELECTRICA SA	GDR (EACH REPR 4 ORD) (REG S)	US83367Y2072	DPRS	Utilities	Utilities	04/07/2014	Romania	USD	MAIN MARKET	Standard GDRs	IOBE	LLHE
SNG1	"SOCIETATEA NATIONALA DE GAZE NATURALE ""ROMGAZ"" S.A."	GDR (EACH REPR 1ORD) (144A)	US83367U1060	DPRS	Oil & Gas	Oil & Gas	12/11/2013	Romania	USD	MAIN MARKET	Standard GDRs	MISC	INTM
SNGR	"SOCIETATEA NATIONALA DE GAZE NATURALE ""ROMGAZ"" S.A."	GDR (EACH REPR 1ORD) (REG S)	US83367U2050	DPRS	Oil & Gas	Oil & Gas	12/11/2013	Romania	USD	MAIN MARKET	Standard GDRs	IOBE	LLHE
SBIA	STATE BANK OF INDIA	GDR (EACH REPR 10 SHS INR1)(144A)	US8565521049	DPRS	Financials	Banks	17/01/2007	India	USD	PROFESSIONAL SECURITIES MARKET	Standard GDRs	MISC	INPE
SBID	STATE BANK OF INDIA	GDR (EACH REP 10 SHS INR1)(REG S)	US8565522039	DPRS	Financials	Banks	17/01/2007	India	USD	PROFESSIONAL SECURITIES MARKET	Standard GDRs	IOBE	IPHE
SAUA	STEEL AUTHORITY OF INDIA LD	GDR (EACH REPR 15 SHS OF INR10)(144 A)	US8580551062	DPRS	Basic Materials	Basic Resources	17/01/2007	India	USD	PROFESSIONAL SECURITIES MARKET	Standard GDRs	MISC	INPD
SAUD	STEEL AUTHORITY OF INDIA LD	GDR (REPR 15 SHS INRP10)(REG S)	US8580552052	DPRS	Basic Materials	Basic Resources	17/01/2007	India	USD	PROFESSIONAL SECURITIES MARKET	Standard GDRs	IOBU	IPLN
SBXA	SUBEX LIMITED	GDR (EACH REPR 1 ORD INR10.00)(144A)	US86428R4002	DPRS			09/03/2007	India	USD	PROFESSIONAL SECURITIES MARKET	Standard GDRs	MISC	INPE
SUBX	SUBEX LIMITED	GDR (EACH REPR 1 ORD INR10.00)(REGS)	US86428R2022	DPRS			13/03/2007	India	USD	PROFESSIONAL SECURITIES MARKET	Standard GDRs	IOBU	IPLN
SUPA	SUNPLUS TECHNOLOGY CO LD	GDR (EACH REPR 2 ORD TWD10) (144A)	US86764M3043	DPRS	Technology	Technology	21/12/2007	Taiwan	USD	PROFESSIONAL SECURITIES MARKET	Standard GDRs	MISC	INPE
SUPD	SUNPLUS TECHNOLOGY CO LD	GDR(EACH REPR 2 ORD TWD10)(REG S)	US86764M4033	DPRS	Technology	Technology	05/04/2007	Taiwan	USD	PROFESSIONAL SECURITIES MARKET	Standard GDRs	IOBU	IPLN
SGGD	SURGUTNEFTEGAS PUBLIC JOINT STOCK COMPANY	ADR (EACH REPR 10 ORD)	US8688612048	DPRS	Oil & Gas	Oil & Gas	27/09/2004	Russian Federation	USD	ADMISSION TO TRADING ONLY		IOBE	INHE
TGBA	TATA GLOBAL BEVERAGES LD	GDS (EACH REPR 1 INR10)(144 A)	US8765691048	DPRS	Consumer Goods	Food & Beverage	30/01/2007	India	USD	PROFESSIONAL SECURITIES MARKET	Standard GDRs	MISC	INPE
TGBL	TATA GLOBAL BEVERAGES LD	GDS (EACH REPR 1 INR10)(REG S)	US8765692038	DPRS	Consumer Goods	Food & Beverage	30/01/2007	India	USD	PROFESSIONAL SECURITIES MARKET	Standard GDRs	IOBU	IPLN
TPCL	TATA POWER COMPANY LIMITED	GDR (EACH REPR 1 SHR) (REG S)	US8765664078	DPRS	Utilities	Utilities	23/07/2009	India	USD	ADMISSION TO TRADING ONLY		IOBU	INLN
TTST	TATA STEEL LIMITED	GDR (EACH REPR 1 ORD) (REG S)	US87656Y4061	DPRS	Basic Materials	Basic Resources	22/07/2009	India	USD	PROFESSIONAL SECURITIES MARKET	Standard GDRs	IOBE	IPHE
TAT	TATUNG CO. LTD	GDR (EACH REPR 20 SHS) (REG S)	US8766614064	DPRS	Technology	Technology	13/04/2011	Taiwan	USD	ADMISSION TO TRADING ONLY		IOBU	INLN
TAT1	TATUNG CO. LTD	GDR (EACH REPR 20 SHS) (144A)	US8766613074	DPRS	Technology	Technology	13/04/2011	Taiwan	USD	ADMISSION TO TRADING ONLY		MISC	INAD
TCS	TCS GROUP HOLDING PLC	GDR (EACH REPR 1 A SHR) (REG S)	US87238U2033	DPRS	Financials	Banks	25/10/2013	Cyprus	USD	MAIN MARKET	Standard GDRs	IOBE	LLHE
TCSA	TCS GROUP HOLDING PLC	GDR (EACH REPR 1 A SHR) (144A)	US87238U1043	DPRS	Financials	Banks	25/10/2013	Cyprus	USD	MAIN MARKET	Standard GDRs	MISC	INTM
32QX	TELECOM EGYPT S.A.E.	GDS(EACH REPR 5 ORDS EGP10) (144A)	US87927T1034	DPRS	Telecommunications	Telecommunications	14/12/2005	Egypt	USD	MAIN MARKET	Standard GDRs	MISL	ADPL
TEEG	TELECOM EGYPT S.A.E.	GDS(EACH REPR 5 ORDS EGP10) (REGS)	US87927T2024	DPRS	Telecommunications	Telecommunications	14/12/2005	Egypt	USD	MAIN MARKET	Standard GDRs	IOBE	LLHE
55BC	THE COMMERCIAL BANK OF QATAR (Q.S.C.)	GDR (5 GDR REPR 1 ORD) (144A)	US2026091031	DPRS	Financials	Banks	02/07/2008	Qatar	USD	MAIN MARKET	Standard GDRs	MISC	INTM
CBQS	THE COMMERCIAL BANK OF QATAR (Q.S.C.)	GDR (5 GDR REPR 1 ORD) (REG S)	US2026092021	DPRS	Financials	Banks	27/06/2008	Qatar	USD	MAIN MARKET	Standard GDRs	IOBE	LLHE
82FN	TRADER MEDIA EAST LD	GDR (EACH REPR 1 ORD SHS) (144 A)	US89255G1094	DPRS	Consumer Services	Media	13/02/2006	United Kingdom	USD	MAIN MARKET	Standard GDRs	MISC	INTM
TME	TRADER MEDIA EAST LD	GDR (EACH REPR 1 ORD SHS) (REG S)	US89255G2084	DPRS	Consumer Services	Media	07/02/2006	United Kingdom	USD	MAIN MARKET	Standard GDRs	IOBU	LLLN
39IS	TURKIYE GARANTI BANKASI A.S.	ADS (REPR 1 ORD) (144A)	US9001486029	DPRS	Financials	Banks	07/03/2000	Turkey	USD	MAIN MARKET	Standard GDRs	MISC	INTM
TGBD	TURKIYE GARANTI BANKASI A.S.	ADS (REPR 1 ORD LEVEL 1)	US9001487019	DPRS	Financials	Banks	27/09/2004	Turkey	USD	MAIN MARKET	Standard GDRs	IOBU	LLLU
98LM	TURKIYE IS BANKASI A.S.	GDR (EACH REPR 1 'C' SHR) (144A)	US9001514085	DPRS	Financials	Banks	27/11/2001	Turkey	USD	MAIN MARKET	Standard GDRs	MISC	INTM
TIBD	TURKIYE IS BANKASI A.S.	GDR (EACH REPR 1 'C' SHR) (REG S)	US9001515074	DPRS	Financials	Banks	27/09/2004	Turkey	USD	MAIN MARKET	Standard GDRs	IOBU	LLLN
UBLA	UNITED BANK LIMITED	GDR (EACH REPR 4 EQTY SHS) (144A)	US90953P1021	DPRS	Financials	Banks	25/06/2007	Pakistan	USD	PROFESSIONAL SECURITIES MARKET	Standard GDRs	MISC	INPD
UBLS	UNITED BANK LIMITED	GDR (EACH REPR 4 EQTY SHS) (REGS)	US90953P2011	DPRS	Financials	Banks	28/06/2007	Pakistan	USD	PROFESSIONAL SECURITIES MARKET	Standard GDRs	IOBU	IPLN
61HG	WALSIN LIHWA CORPORATION	GDR (EACH REPR 10 SHS) (144A)	US9331331002	DPRS	Industrials	Industrial Goods & Services	10/11/2010	Taiwan	USD	ADMISSION TO TRADING ONLY		MISC	INAD
WALS	WALSIN LIHWA CORPORATION	GDR (EACH REPR 10 SHS) (REG S)	USY9489R1125	DPRS	Industrials	Industrial Goods & Services	10/11/2010	Taiwan	USD	ADMISSION TO TRADING ONLY		IOBU	INLN
WML	WISDOM MARINE LINES CO., LIMITED	GDS (REPR 5 CMN) (REG S)	US97717T1060	DPRS	Industrials	Industrial Goods & Services	13/11/2013	Cayman Islands	USD	MAIN MARKET	Standard GDRs	IOBU	LLLN
WIS	WISTRON CORPORATION	GDR(EACH REPR 10 COM SHS)(REG S)	US9773723096	DPRS	Technology	Technology	23/09/2005	Taiwan	USD	ADMISSION TO TRADING ONLY		IOBU	INLN
89VS	X5 RETAIL GROUP N.V	GDR EACH REPR 0.25 SHS EUR1144A	US98387E1064	DPRS	Consumer Services	Retail	14/11/2006	Netherlands	USD	MAIN MARKET	Standard GDRs	MISL	ADPL
FIVE	X5 RETAIL GROUP N.V	GDR EACH REPR 0.25 SHS EUR1 REG'S'	US98387E2054	DPRS	Consumer Services	Retail	14/11/2006	Netherlands	USD	MAIN MARKET	Standard GDRs	IOBE	LLHE
YMT1	YANGMING MARINE TRANSPORT CORPORATION	GDR (EACH REPR 10 ORDINARY TWD)(144A)	US9847497057	DPRS			11/05/2017	Taiwan	USD	PROFESSIONAL SECURITIES MARKET	Standard GDRs	MISC	INPD
YMTD	YANGMING MARINE TRANSPORT CORPORATION	GDR(EACH REPR 10 ORDINARY TWD)(REG S)	US9847498048	DPRS			11/05/2017	Taiwan	USD	PROFESSIONAL SECURITIES MARKET	Standard GDRs	IOBU	IPLN
98KI	YAPI VE KREDI BANKASI A.S.	GDR (REPR 1 SHR) (144 A)	US9848481019	DPRS	Financials	Banks	09/07/1998	Turkey	USD	MAIN MARKET	Standard GDRs	MISC	INTM
YKBD	YAPI VE KREDI BANKASI A.S.	GDR (REPR 1 SHR) (REG S)	US9848482009	DPRS	Financials	Banks	27/09/2004	Turkey	USD	MAIN MARKET	Standard GDRs	IOBU	LLLN
ZENB	ZENITH BANK PLC 	GDR (EACH REPR 50 ORD SHR) REG S	US98935J1025	DPRS	Financials	Banks	21/03/2013	Nigeria	USD	MAIN MARKET	Standard GDRs	IOBE	LLHE
