1GIS	BOOST ISSUER PUBLIC LIMITED COMPANY	BOOST GILTS 10Y 1X SHORT DAILY ETP	IE00BF4TW560	ETCS			11/12/2017	31/12/9999	Ireland	GBX	MAIN MARKET	Standard Debt	ETCS	ENLL
1GOS	BOOST ISSUER PUBLIC LIMITED COMPANY	BOOST GOLD 1X SHORT DAILY ETP	IE00B94QKW89	ETCS			05/07/2013	31/12/9999	Ireland	USD	MAIN MARKET	Standard Debt	ETCS	ECLL
1PAS	BOOST ISSUER PUBLIC LIMITED COMPANY	BOOST PALLADIUM 1X SHORT DAILY ETP	IE00B94QLR02	ETCS			05/07/2013	31/12/9999	Ireland	USD	MAIN MARKET	Standard Debt	ETCS	ECLL
2GOL	BOOST ISSUER PUBLIC LIMITED COMPANY	BOOST GOLD 2X LEVERAGE DAILY ETP	IE00B94QKS44	ETCS			05/07/2013	31/12/9999	Ireland	USD	MAIN MARKET	Standard Debt	ETCS	ETCL
2GOS	BOOST ISSUER PUBLIC LIMITED COMPANY	BOOST GOLD 2X SHORT DAILY ETP	IE00B94QKT50	ETCS			05/07/2013	31/12/9999	Ireland	USD	MAIN MARKET	Standard Debt	ETCS	ETCL
2JAL	BOOST ISSUER PUBLIC LIMITED COMPANY	BOOST TOPIX 2X LEVERAGE DAILY ETP	IE00BBGBF537	ETCS			05/07/2013	31/12/9999	Ireland	GBX	MAIN MARKET	Standard Debt	ETCS	ETCL
2MCL	BOOST ISSUER PUBLIC LIMITED COMPANY	BOOST FTSE 250 2X LEVERAGE DAILY ETP	IE00B94QKJ52	ETCS			05/07/2013	31/12/9999	Ireland	GBX	MAIN MARKET	Standard Debt	ETCS	ETCL
2NGL	BOOST ISSUER PUBLIC LIMITED COMPANY	BOOST NAT GAS 2X LEVERAGE DAILY ETP	IE00B94QKX96	ETCS			05/07/2013	31/12/9999	Ireland	USD	MAIN MARKET	Standard Debt	ETCS	ETCL
2NGS	BOOST ISSUER PUBLIC LIMITED COMPANY	BOOST NAT GAS 2X SHORT DAILY ETP	IE00B94QL251	ETCS			05/07/2013	31/12/9999	Ireland	USD	MAIN MARKET	Standard Debt	ETCS	ETCL
2OIL	BOOST ISSUER PUBLIC LIMITED COMPANY	BOOST WTI OIL 2X LEVERAGE DAILY ETP	IE00BVFZGG42	ETCS			08/06/2016		Ireland	USD	MAIN MARKET	Standard Debt	ETCS	ECLL
2OIS	BOOST ISSUER PUBLIC LIMITED COMPANY	BOOST WTI OIL 2X SHORT DAILY ETP	IE00BVFZGH58	ETCS			08/06/2016		Ireland	USD	MAIN MARKET	Standard Debt	ETCS	ECLL
2OLI	BOOST ISSUER PUBLIC LIMITED COMPANY	BOOST WTI OIL 2X LEVERAGE DAILY ETP	IE00BVFZGG42	ETCS			08/06/2016	31/12/9999	Ireland	GBX	MAIN MARKET	Standard Debt	ETC2	ECLM
2OSI	BOOST ISSUER PUBLIC LIMITED COMPANY	BOOST WTI OIL 2X SHORT DAILY ETP	IE00BVFZGH58	ETCS			08/06/2016	31/12/9999	Ireland	GBX	MAIN MARKET	Standard Debt	ETC2	ECLM
2PAL	BOOST ISSUER PUBLIC LIMITED COMPANY	BOOST PALLADIUM 2X LEVERAGE DAILY ETP	IE00B94QLN63	ETCS			05/07/2013	31/12/9999	Ireland	USD	MAIN MARKET	Standard Debt	ETCS	ETCL
2SIL	BOOST ISSUER PUBLIC LIMITED COMPANY	BOOST SILVER 2X LEVERAGE DAILY ETP	IE00B94QL699	ETCS			05/07/2013	31/12/9999	Ireland	USD	MAIN MARKET	Standard Debt	ETCS	ETCL
2SIS	BOOST ISSUER PUBLIC LIMITED COMPANY	BOOST SILVER 2X SHORT DAILY ETP	IE00B94QL921	ETCS			05/07/2013	31/12/9999	Ireland	USD	MAIN MARKET	Standard Debt	ETCS	ETCL
2UKL	BOOST ISSUER PUBLIC LIMITED COMPANY	BOOST FTSE 100 2X LEVERAGE DAILY ETP	IE00B94QKC83	ETCS			05/07/2013	31/12/9999	Ireland	GBX	MAIN MARKET	Standard Debt	ETCS	ETCL
3BLR	BOOST ISSUER PUBLIC LIMITED COMPANY	BOOST BRENT OIL 3X LEVERAGE DAILY ETP	IE00BYTYHS72	ETCS			08/06/2016	31/12/9999	Ireland	GBX	MAIN MARKET	Standard Debt	ETC2	ECLM
3BRL	BOOST ISSUER PUBLIC LIMITED COMPANY	BOOST BRENT OIL 3X LEVERAGE DAILY ETP	IE00BYTYHS72	ETCS			08/06/2016		Ireland	USD	MAIN MARKET	Standard Debt	ETCS	ECLL
3BRS	BOOST ISSUER PUBLIC LIMITED COMPANY	BOOST BRENT OIL 3X SHORT DAILY ETP	IE00BYTYHR65	ETCS			08/06/2016		Ireland	USD	MAIN MARKET	Standard Debt	ETCS	ECLL
3BSR	BOOST ISSUER PUBLIC LIMITED COMPANY	BOOST BRENT OIL 3X SHORT DAILY ETP	IE00BYTYHR65	ETCS			08/06/2016	31/12/9999	Ireland	GBX	MAIN MARKET	Standard Debt	ETC2	ECLM
3DES	BOOST ISSUER PUBLIC LIMITED COMPANY	BOOST SHORTDAX 3X DAILY ETP SECS30/11/62	IE00B8GKPP93	ETCS			13/12/2012	30/11/2062	Ireland	EUR	MAIN MARKET	Standard Debt	ETCS	ETCL
3GIS	BOOST ISSUER PUBLIC LIMITED COMPANY	BOOST GILTS 10Y 3X SHORT DAILY ETP	IE00BKS8QQ35	ETCS			05/08/2014		Ireland	GBX	MAIN MARKET	Standard Debt	ETCS	ENLL
3GOL	BOOST ISSUER PUBLIC LIMITED COMPANY	BOOST GOLD 3X LEVERAGE DAILY ETP	IE00B8HGT870	ETCS			20/12/2012		Ireland	USD	MAIN MARKET	Standard Debt	ETCS	ETCL
3GOS	BOOST ISSUER PUBLIC LIMITED COMPANY	BOOST GOLD 3X SHORT DAILY ETP	IE00B6X4BP29	ETCS			20/12/2012		Ireland	USD	MAIN MARKET	Standard Debt	ETCS	ETCL
3HCL	BOOST ISSUER PUBLIC LIMITED COMPANY	BOOST COPPER 3X LEVERAGE DAILY ETP	IE00B8JVMZ80	ETCS			20/12/2012		Ireland	USD	MAIN MARKET	Standard Debt	ETCS	ETCL
3HCS	BOOST ISSUER PUBLIC LIMITED COMPANY	BOOST COPPER 3X SHORT DAILY ETP	IE00B8KD3F05	ETCS			20/12/2012		Ireland	USD	MAIN MARKET	Standard Debt	ETCS	ETCL
3LGO	BOOST ISSUER PUBLIC LIMITED COMPANY	BOOST GOLD 3X LEVERAGE DAILY ETP (£)	IE00B8HGT870	ETCS			13/03/2013		Ireland	GBX	MAIN MARKET	Standard Debt	ETC2	ECLT
3LGS	BOOST ISSUER PUBLIC LIMITED COMPANY	BOOST NATURAL GAS 3X SHORT DAILY	IE00B76BRD76	ETCS			15/03/2017	31/12/9999	Ireland	GBX	MAIN MARKET	Standard Debt	ETC2	ECLM
3LNG	BOOST ISSUER PUBLIC LIMITED COMPANY	BOOST NATURAL GAS 3X LEVERAGE DAILY	IE00B8VC8061	ETCS			15/03/2017	31/12/9999	Ireland	GBX	MAIN MARKET	Standard Debt	ETC2	ECLM
3LOI	BOOST ISSUER PUBLIC LIMITED COMPANY	BOOST WTI OIL 3X LEVERAGE DAILY ETP (£)	IE00B7ZQC614	ETCS			13/03/2013		Ireland	GBX	MAIN MARKET	Standard Debt	ETC2	ECLT
3LSI	BOOST ISSUER PUBLIC LIMITED COMPANY	BOOST SILVER 3X LEVERAGE DAILY ETP (£)	IE00B7XD2195	ETCS			13/03/2013		Ireland	GBX	MAIN MARKET	Standard Debt	ETC2	ECLT
3NGL	BOOST ISSUER PUBLIC LIMITED COMPANY	BOOST NATURAL GAS 3X LEVERAGE DAILY ETP	IE00B8VC8061	ETCS			20/12/2012		Ireland	USD	MAIN MARKET	Standard Debt	ETCS	ETCL
3NGS	BOOST ISSUER PUBLIC LIMITED COMPANY	BOOST NATURAL GAS 3X SHORT DAILY ETP	IE00B76BRD76	ETCS			20/12/2012		Ireland	USD	MAIN MARKET	Standard Debt	ETCS	ETCL
3OIL	BOOST ISSUER PUBLIC LIMITED COMPANY	BOOST WTI OIL 3X LEVERAGE DAILY ETP	IE00B7ZQC614	ETCS			20/12/2012		Ireland	USD	MAIN MARKET	Standard Debt	ETCS	ETCL
3OIS	BOOST ISSUER PUBLIC LIMITED COMPANY	BOOST WTI OIL 3X SHORT DAILY ETP	IE00B7SX5Y86	ETCS			20/12/2012		Ireland	USD	MAIN MARKET	Standard Debt	ETCS	ETCL
3SDE	BOOST ISSUER PUBLIC LIMITED COMPANY	BOOST SHORTDAX 3X DAILY ETP (£)	IE00B8GKPP93	ETCS			19/03/2013	31/12/9999	Ireland	GBX	MAIN MARKET	Standard Debt	ETC2	ECLT
3SGO	BOOST ISSUER PUBLIC LIMITED COMPANY	BOOST GOLD 3X SHORT DAILY ETP (£)	IE00B6X4BP29	ETCS			13/03/2013		Ireland	GBX	MAIN MARKET	Standard Debt	ETC2	ECLT
3SIL	BOOST ISSUER PUBLIC LIMITED COMPANY	BOOST SILVER 3X LEVERAGE DAILY ETP	IE00B7XD2195	ETCS			20/12/2012		Ireland	USD	MAIN MARKET	Standard Debt	ETCS	ETCL
3SIS	BOOST ISSUER PUBLIC LIMITED COMPANY	BOOST SILVER 3X SHORT DAILY ETP	IE00B8JG1787	ETCS			20/12/2012		Ireland	USD	MAIN MARKET	Standard Debt	ETCS	ETCL
3SOI	BOOST ISSUER PUBLIC LIMITED COMPANY	BOOST WTI OIL 3X SHORT DAILY ETP (£)	IE00B7SX5Y86	ETCS			13/03/2013		Ireland	GBX	MAIN MARKET	Standard Debt	ETC2	ECLT
3SSI	BOOST ISSUER PUBLIC LIMITED COMPANY	BOOST SILVER 3X SHORT DAILY ETP (£)	IE00B8JG1787	ETCS			13/03/2013		Ireland	GBX	MAIN MARKET	Standard Debt	ETC2	ECLT
3UKL	BOOST ISSUER PUBLIC LIMITED COMPANY	BOOST FTSE 100 3X LEVERAGE DAILY ETP	IE00B88D2999	ETCS			06/12/2012	31/12/9999	Ireland	GBX	MAIN MARKET	Standard Debt	ETCS	ETCL
BRND	BOOST ISSUER PUBLIC LIMITED COMPANY	BOOST BRENT OIL ETC	IE00BVFZGD11	ETCS			14/04/2015	31/12/9999	Ireland	USD	MAIN MARKET	Standard Debt	ETCS	ECLL
GASD	BOOST ISSUER PUBLIC LIMITED COMPANY	BOOST NATURAL GAS ETC	IE00BVFZGL94	ETCS			14/04/2015	31/12/9999	Ireland	USD	MAIN MARKET	Standard Debt	ETCS	ECLL
GLD	BOOST ISSUER PUBLIC LIMITED COMPANY	BOOST GOLD ETC	IE00BVFZGK87	ETCS			14/04/2015	31/12/9999	Ireland	USD	MAIN MARKET	Standard Debt	ETCS	ECLL
OILZ	BOOST ISSUER PUBLIC LIMITED COMPANY	BOOST WTI OIL 1X SHORT DAILY ETP	IE00BVFZGF35	ETCS			08/06/2016		Ireland	USD	MAIN MARKET	Standard Debt	ETCS	ECLL
OIZL	BOOST ISSUER PUBLIC LIMITED COMPANY	BOOST WTI OIL 1X SHORT DAILY ETP	IE00BVFZGF35	ETCS			08/06/2016	31/12/9999	Ireland	GBX	MAIN MARKET	Standard Debt	ETC2	ECLM
QQQS	BOOST ISSUER PUBLIC LIMITED COMPANY	BOOST NASDAQ 100 3X SHT DAY ETP 30/11/62	IE00B8VZVH32	ETCS			13/12/2012	30/11/2062	Ireland	USD	MAIN MARKET	Standard Debt	ETCS	ENLL
UL3S	BOOST ISSUER PUBLIC LIMITED COMPANY	BOOST US TREASURIES 30Y SHORT DAILY ETP	IE00BF4TW784	ETCS			11/12/2017	31/12/9999	Ireland	GBX	MAIN MARKET	Standard Debt	ETCS	ENLL
WTID	BOOST ISSUER PUBLIC LIMITED COMPANY	BOOST WTI OIL ETC	IE00BVFZGC04	ETCS			14/04/2015	31/12/9999	Ireland	USD	MAIN MARKET	Standard Debt	ETCS	ECLL
60TC	DB ETC INDEX PLC	DB ETC BC OIL EH ETC SECS 02/02/60	DE000A1AQGX1	ETCS			02/02/2010	02/02/2060	Jersey	EUR	MAIN MARKET		CWNR	EIDW
XCT9	DB ETC INDEX PLC	XTRACKERS WTI CRUDE OIL OPTIMUM YIELD ET	GB00B3SC0P31	ETCS			08/07/2010	31/12/9999	Jersey	USD	MAIN MARKET	Standard Debt	ETCS	ECLL
XGLD	DB ETC PLC	XTRACKERS PHYSICAL GOLD ETC	GB00B5840F36	ETCS			22/06/2010	31/12/9999	Jersey	USD	MAIN MARKET	Standard Debt	ETCS	ECLL
XGLS	DB ETC PLC	XTRACKERS PHYSICAL GOLD GBP HEDGED ETC	GB00B68FL050	ETCS			14/04/2011	31/12/9999	Jersey	GBX	MAIN MARKET	Standard Debt	ETCS	ECLL
XPAL	DB ETC PLC	XTRACKERS PHYSICAL PALLADIUM ETC	GB00B5VYVZ75	ETCS			22/07/2010	31/12/9999	Jersey	USD	MAIN MARKET	Standard Debt	ETCS	ECLL
XPLA	DB ETC PLC	XTRACKERS PHYSICAL PLATINUM ETC	GB00B57GJC05	ETCS			22/07/2010	31/12/9999	Jersey	USD	MAIN MARKET	Standard Debt	ETCS	ECLL
XRH0	DB ETC PLC	XTRACKERS PHYSICAL RHODIUM ETC	GB00B684MW17	ETCS			24/05/2011	31/12/9999	Jersey	USD	MAIN MARKET	Standard Debt	ETCS	ECLL
XSIL	DB ETC PLC	XTRACKERS PHYSICAL SILVER ETC	GB00B57Y9462	ETCS			22/06/2010	31/12/9999	Jersey	USD	MAIN MARKET	Standard Debt	ETCS	ECLL
19SX	ETFS COMMODITY SECURITIES LIMITED	KANSAS WHEAT MICRO CLASSIC SECS	JE00B99BG862	ETCS			08/01/2013	31/12/9999	Jersey	USD	MAIN MARKET	Standard Debt	MISC	MISC
19SY	ETFS COMMODITY SECURITIES LIMITED	KANSAS WHEAT MICRO LNGR DATED SECS	JE00B93KRR51	ETCS			08/01/2013	31/12/9999	Jersey	USD	MAIN MARKET	Standard Debt	MISC	MISC
19SZ	ETFS COMMODITY SECURITIES LIMITED	SOYBEAN MEAL MICRO CLASSIC SECS	JE00B99BGC07	ETCS			08/01/2013	31/12/9999	Jersey	USD	MAIN MARKET	Standard Debt	MISC	MISC
19TB	ETFS COMMODITY SECURITIES LIMITED	SOYBEAN MEAL MICRO LNGR DATED SECS	JE00B93PLP62	ETCS			08/01/2013	31/12/9999	Jersey	USD	MAIN MARKET	Standard Debt	MISC	MISC
36YX	ETFS COMMODITY SECURITIES LIMITED	ETFS ALUMINUM	GB00B16TD867	ETCS			27/09/2006	31/12/9999	Jersey	USD	MAIN MARKET	Standard Debt	MISC	MISC
36YY	ETFS COMMODITY SECURITIES LIMITED	ETFS COFFEE	GB00B16TD974	ETCS			27/09/2006	31/12/9999	Jersey	USD	MAIN MARKET	Standard Debt	MISC	MISC
36ZA	ETFS COMMODITY SECURITIES LIMITED	ETFS CORN	GB00B16TDC06	ETCS			27/09/2006	31/12/9999	Jersey	USD	MAIN MARKET	Standard Debt	MISC	MISC
36ZB	ETFS COMMODITY SECURITIES LIMITED	ETFS COTTON	GB00B16TDD13	ETCS			27/09/2006	31/12/9999	Jersey	USD	MAIN MARKET	Standard Debt	MISC	MISC
36ZC	ETFS COMMODITY SECURITIES LIMITED	ETFS CRUDE	GB00B16TDF37	ETCS			27/09/2006	31/12/9999	Jersey	USD	MAIN MARKET	Standard Debt	MISC	MISC
36ZD	ETFS COMMODITY SECURITIES LIMITED	ETFS GASOLINE	GB00B16TDG44	ETCS			27/09/2006	31/12/9999	Jersey	USD	MAIN MARKET	Standard Debt	MISC	MISC
36ZE	ETFS COMMODITY SECURITIES LIMITED	ETFS GOLD	GB00B16TDH50	ETCS			27/09/2006	31/12/9999	Jersey	USD	MAIN MARKET	Standard Debt	MISC	MISC
36ZF	ETFS COMMODITY SECURITIES LIMITED	ETFS HEATING OIL	GB00B16TDJ74	ETCS			27/09/2006	31/12/9999	Jersey	USD	MAIN MARKET	Standard Debt	MISC	MISC
36ZG	ETFS COMMODITY SECURITIES LIMITED	ETFS LEAN HOGS	GB00B16TDK89	ETCS			27/09/2006	31/12/9999	Jersey	USD	MAIN MARKET	Standard Debt	MISC	MISC
36ZH	ETFS COMMODITY SECURITIES LIMITED	ETFS LIVE CATTLE	GB00B16TDL96	ETCS			27/09/2006	31/12/9999	Jersey	USD	MAIN MARKET	Standard Debt	MISC	MISC
36ZI	ETFS COMMODITY SECURITIES LIMITED	ETFS NATURAL GAS	GB00B16TDM04	ETCS			27/09/2006	31/12/9999	Jersey	USD	MAIN MARKET	Standard Debt	MISC	MISC
36ZJ	ETFS COMMODITY SECURITIES LIMITED	ETFS NICKEL	GB00B16TDN11	ETCS			27/09/2006	31/12/9999	Jersey	USD	MAIN MARKET	Standard Debt	MISC	MISC
36ZK	ETFS COMMODITY SECURITIES LIMITED	ETFS SILVER	GB00B16TDP35	ETCS			27/09/2006	31/12/9999	Jersey	USD	MAIN MARKET	Standard Debt	MISC	MISC
36ZL	ETFS COMMODITY SECURITIES LIMITED	ETFS SOYABEAN OIL	GB00B16TDQ42	ETCS			27/09/2006	31/12/9999	Jersey	USD	MAIN MARKET	Standard Debt	MISC	MISC
36ZM	ETFS COMMODITY SECURITIES LIMITED	ETFS SOYABEAN	GB00B16TDR58	ETCS			27/09/2006	31/12/9999	Jersey	USD	MAIN MARKET	Standard Debt	MISC	MISC
36ZN	ETFS COMMODITY SECURITIES LIMITED	ETFS SUGAR	GB00B16TDS65	ETCS			27/09/2006	31/12/9999	Jersey	USD	MAIN MARKET	Standard Debt	MISC	MISC
36ZO	ETFS COMMODITY SECURITIES LIMITED	ETFS WHEAT	GB00B16TDT72	ETCS			27/09/2006	31/12/9999	Jersey	USD	MAIN MARKET	Standard Debt	MISC	MISC
36ZP	ETFS COMMODITY SECURITIES LIMITED	ETFS ZINC	GB00B16TDV94	ETCS			27/09/2006	31/12/9999	Jersey	USD	MAIN MARKET	Standard Debt	MISC	MISC
36ZQ	ETFS COMMODITY SECURITIES LIMITED	ETFS COPPER	GB00B16TDB98	ETCS			27/09/2006	31/12/9999	Jersey	USD	MAIN MARKET	Standard Debt	MISC	MISC
38CQ	ETFS COMMODITY SECURITIES LIMITED	FORWARD NICKEL (MICRO SECURITIES)	JE00B24F2860	ETCS			10/10/2007	31/12/9999	Jersey	USD	MAIN MARKET	Standard Debt	MISC	MISC
38CR	ETFS COMMODITY SECURITIES LIMITED	FORWARD SILVER (MICRO SECURITIES)	JE00B24F2977	ETCS			10/10/2007	31/12/9999	Jersey	USD	MAIN MARKET	Standard Debt	MISC	MISC
38CS	ETFS COMMODITY SECURITIES LIMITED	FORWARD SOYBEAN OIL (MICRO SECURITIES)	JE00B24F2B92	ETCS			10/10/2007	31/12/9999	Jersey	USD	MAIN MARKET	Standard Debt	MISC	MISC
38CT	ETFS COMMODITY SECURITIES LIMITED	FORWARD SOYBEANS (MICRO SECURITIES)	JE00B24F2C00	ETCS			10/10/2007	31/12/9999	Jersey	USD	MAIN MARKET	Standard Debt	MISC	MISC
38CU	ETFS COMMODITY SECURITIES LIMITED	FORWARD SUGAR (MICRO SECURITIES)	JE00B24F2D17	ETCS			10/10/2007	31/12/9999	Jersey	USD	MAIN MARKET	Standard Debt	MISC	MISC
38CV	ETFS COMMODITY SECURITIES LIMITED	FORWARD WHEAT (MICRO SECURITIES)	JE00B24F2F31	ETCS			10/10/2007	31/12/9999	Jersey	USD	MAIN MARKET	Standard Debt	MISC	MISC
38CW	ETFS COMMODITY SECURITIES LIMITED	FORWARD ZINC (MICRO SECURITIES)	JE00B24F2G48	ETCS			10/10/2007	31/12/9999	Jersey	USD	MAIN MARKET	Standard Debt	MISC	MISC
3AUL	ETFS COMMODITY SECURITIES LIMITED	ETFS 3X DAILY LONG GOLD	JE00BYQY4X40	ETCS			23/11/2015	31/12/9999	Jersey	USD	MAIN MARKET	Standard Debt	ETCS	ECLL
3AUS	ETFS COMMODITY SECURITIES LIMITED	ETFS 3X DAILY SHORT GOLD	JE00BYQY4L28	ETCS			23/11/2015	31/12/9999	Jersey	USD	MAIN MARKET	Standard Debt	ETCS	ECLL
3CFL	ETFS COMMODITY SECURITIES LIMITED	ETFS 3X DAILY LONG COFFEE	JE00BYQY3Z98	ETCS			23/11/2015	31/12/9999	Jersey	USD	MAIN MARKET	Standard Debt	ETCS	ECLL
3CFS	ETFS COMMODITY SECURITIES LIMITED	ETFS 3X DAILY SHORT COFFEE	JE00BYQY3K46	ETCS			23/11/2015	31/12/9999	Jersey	USD	MAIN MARKET	Standard Debt	ETCS	ECLL
3CRL	ETFS COMMODITY SECURITIES LIMITED	ETFS 3X DAILY LONG WTI CRUDE OIL	JE00BYQY8G54	ETCS			23/11/2015	31/12/9999	Jersey	USD	MAIN MARKET	Standard Debt	ETCS	ECLL
3CRS	ETFS COMMODITY SECURITIES LIMITED	ETFS 3X DAILY SHORT WTI CRUDE OIL	JE00BYQY8219	ETCS			23/11/2015	31/12/9999	Jersey	USD	MAIN MARKET	Standard Debt	ETCS	ECLL
3CUL	ETFS COMMODITY SECURITIES LIMITED	ETFS 3X DAILY LONG COPPER	JE00BYQY4F67	ETCS			23/11/2015	31/12/9999	Jersey	USD	MAIN MARKET	Standard Debt	ETCS	ECLL
3CUS	ETFS COMMODITY SECURITIES LIMITED	ETFS 3X DAILY SHORT COPPER	JE00BYQY4341	ETCS			23/11/2015	31/12/9999	Jersey	USD	MAIN MARKET	Standard Debt	ETCS	ECLL
3NIL	ETFS COMMODITY SECURITIES LIMITED	ETFS 3X DAILY LONG NICKEL	JE00BYQY5X15	ETCS			23/11/2015	31/12/9999	Jersey	USD	MAIN MARKET	Standard Debt	ETCS	ECLL
3NIS	ETFS COMMODITY SECURITIES LIMITED	ETFS 3X DAILY SHORT NICKEL	JE00BYQY5Q48	ETCS			23/11/2015	31/12/9999	Jersey	USD	MAIN MARKET	Standard Debt	ETCS	ECLL
3SUL	ETFS COMMODITY SECURITIES LIMITED	ETFS 3X DAILY LONG SUGAR	JE00BYQY7H96	ETCS			23/11/2015	31/12/9999	Jersey	USD	MAIN MARKET	Standard Debt	ETCS	ECLL
3SUS	ETFS COMMODITY SECURITIES LIMITED	ETFS 3X DAILY SHORT SUGAR	JE00BYQY7799	ETCS			23/11/2015	31/12/9999	Jersey	USD	MAIN MARKET	Standard Debt	ETCS	ECLL
3WHL	ETFS COMMODITY SECURITIES LIMITED	ETFS 3X DAILY LONG WHEAT	JE00BYQY8102	ETCS			23/11/2015	31/12/9999	Jersey	USD	MAIN MARKET	Standard Debt	ETCS	ECLL
3WHS	ETFS COMMODITY SECURITIES LIMITED	ETFS 3X DAILY SHORT WHEAT	JE00BYQY7P70	ETCS			23/11/2015	31/12/9999	Jersey	USD	MAIN MARKET	Standard Debt	ETCS	ECLL
48SQ	ETFS COMMODITY SECURITIES LIMITED	BRENT CRUDE MICRO	JE00B75GVD18	ETCS			06/01/2012	31/12/9999	Jersey	USD	MAIN MARKET	Standard Debt	MISC	MISC
48SR	ETFS COMMODITY SECURITIES LIMITED	FORWARD BRENT CRUDE MICRO	JE00B6SCJ466	ETCS			11/01/2012	31/12/9999	Jersey	USD	MAIN MARKET	Standard Debt	MISC	MISC
58VR	ETFS COMMODITY SECURITIES LIMITED	FORWARD ALUMINIUM (MICRO SECURITIES)	JE00B24F1W31	ETCS			10/10/2007	31/12/9999	Jersey	USD	MAIN MARKET	Standard Debt	MISC	MISC
58VS	ETFS COMMODITY SECURITIES LIMITED	FORWARD COFFEE (MICRO SECURITIES)	JE00B24F1X48	ETCS			10/10/2007	31/12/9999	Jersey	USD	MAIN MARKET	Standard Debt	MISC	MISC
58VT	ETFS COMMODITY SECURITIES LIMITED	FORWARD COPPER (MICRO SECURITIES)	JE00B24F1Y54	ETCS			10/10/2007	31/12/9999	Jersey	USD	MAIN MARKET	Standard Debt	MISC	MISC
58VU	ETFS COMMODITY SECURITIES LIMITED	FORWARD CORN (MICRO SECURITIES)	JE00B24F1Z61	ETCS			10/10/2007	31/12/9999	Jersey	USD	MAIN MARKET	Standard Debt	MISC	MISC
58VV	ETFS COMMODITY SECURITIES LIMITED	FORWARD COTTON (MICRO SECURITIES)	JE00B24F2084	ETCS			10/10/2007	31/12/9999	Jersey	USD	MAIN MARKET	Standard Debt	MISC	MISC
58VW	ETFS COMMODITY SECURITIES LIMITED	FORWARD CRUDE OIL (MICRO SECURITIES)	JE00B24F2191	ETCS			10/10/2007	31/12/9999	Jersey	USD	MAIN MARKET	Standard Debt	MISC	MISC
58VX	ETFS COMMODITY SECURITIES LIMITED	FORWARD GASOLINE (MICRO SECURITIES)	JE00B24F2209	ETCS			10/10/2007	31/12/9999	Jersey	USD	MAIN MARKET	Standard Debt	MISC	MISC
67FN	ETFS COMMODITY SECURITIES LIMITED	ETFS LEAD MICRO SECURITY	JE00B2QXZY55	ETCS			16/11/2009	31/12/9999	Jersey	USD	MAIN MARKET	Standard Debt	MISC	MISC
67FO	ETFS COMMODITY SECURITIES LIMITED	ETFS TIN MICRO SECURITY	JE00B2QY0D21	ETCS			16/11/2009	31/12/9999	Jersey	USD	MAIN MARKET	Standard Debt	MISC	MISC
67FP	ETFS COMMODITY SECURITIES LIMITED	ETFS PLATINUM MICRO SECURITY	JE00B2QY0766	ETCS			16/11/2009	31/12/9999	Jersey	USD	MAIN MARKET	Standard Debt	MISC	MISC
67FQ	ETFS COMMODITY SECURITIES LIMITED	ETFS COCOA MICRO SECURITY	JE00B2QXZD43	ETCS			16/11/2009	31/12/9999	Jersey	USD	MAIN MARKET	Standard Debt	MISC	MISC
91TR	ETFS COMMODITY SECURITIES LIMITED	FORWARD GOLD (MICRO SECURITIES)	JE00B24F2316	ETCS			10/10/2007	31/12/9999	Jersey	USD	MAIN MARKET	Standard Debt	MISC	MISC
91TS	ETFS COMMODITY SECURITIES LIMITED	FORWARD HEATING OIL (MICRO SECURITIES)	JE00B24F2423	ETCS			10/10/2007	31/12/9999	Jersey	USD	MAIN MARKET	Standard Debt	MISC	MISC
91VW	ETFS COMMODITY SECURITIES LIMITED	FORWARD LEAN HOGS (MICRO SECURITIES)	JE00B24F2530	ETCS			10/10/2007	31/12/9999	Jersey	USD	MAIN MARKET	Standard Debt	MISC	MISC
91VX	ETFS COMMODITY SECURITIES LIMITED	FORWARD LIVE CATTLE (MICRO SECURITIES)	JE00B24F2647	ETCS			10/10/2007	31/12/9999	Jersey	USD	MAIN MARKET	Standard Debt	MISC	MISC
91VY	ETFS COMMODITY SECURITIES LIMITED	FORWARD NATURAL GAS (MICRO SECURITIES)	JE00B24F2753	ETCS			10/10/2007	31/12/9999	Jersey	USD	MAIN MARKET	Standard Debt	MISC	MISC
AGAP	ETFS COMMODITY SECURITIES LIMITED	ETFS AGRICULTURE £	GB00B15KYH63	ETCS			29/10/2007	31/12/9999	Jersey	GBX	MAIN MARKET	Standard Debt	ETC2	ECLM
AGCP	ETFS COMMODITY SECURITIES LIMITED	ETFS ALL COMMODITIES	GB00B15KY989	ETCS			29/10/2007	31/12/9999	Jersey	GBX	MAIN MARKET	Standard Debt	ETC2	ECLM
AGGP	ETFS COMMODITY SECURITIES LIMITED	ETFS GRAINS	GB00B15KYL00	ETCS			29/10/2007	31/12/9999	Jersey	GBX	MAIN MARKET	Standard Debt	ETC2	ECLM
AIGA	ETFS COMMODITY SECURITIES LIMITED	ETFS AGRICULTURE	GB00B15KYH63	ETCS			27/09/2006		Jersey	USD	MAIN MARKET	Standard Debt	ETCS	ECLL
AIGC	ETFS COMMODITY SECURITIES LIMITED	ETFS ALL COMMODITIES £	GB00B15KY989	ETCS			27/09/2006		Jersey	USD	MAIN MARKET	Standard Debt	ETCS	ECEL
AIGE	ETFS COMMODITY SECURITIES LIMITED	ETFS ENERGY	GB00B15KYB02	ETCS			27/09/2006	31/12/9999	Jersey	USD	MAIN MARKET	Standard Debt	ETCS	ECLL
AIGG	ETFS COMMODITY SECURITIES LIMITED	ETFS GRAINS £	GB00B15KYL00	ETCS			27/09/2006		Jersey	USD	MAIN MARKET	Standard Debt	ETCS	ECLL
AIGI	ETFS COMMODITY SECURITIES LIMITED	ETFS INDUSTRIAL METALS	GB00B15KYG56	ETCS			27/09/2006	31/12/9999	Jersey	USD	MAIN MARKET	Standard Debt	ETCS	ECLL
AIGL	ETFS COMMODITY SECURITIES LIMITED	ETFS LIVESTOCK	GB00B15KYK92	ETCS			27/09/2006	31/12/9999	Jersey	USD	MAIN MARKET	Standard Debt	ETCS	ECLL
AIGO	ETFS COMMODITY SECURITIES LIMITED	ETFS PETROLEUM	GB00B15KYC19	ETCS			27/09/2006	31/12/9999	Jersey	USD	MAIN MARKET	Standard Debt	ETCS	ECLL
AIGP	ETFS COMMODITY SECURITIES LIMITED	ETFS PRECIOUS METALS	GB00B15KYF40	ETCS			27/09/2006	31/12/9999	Jersey	USD	MAIN MARKET	Standard Debt	ETCS	ECLL
AIGS	ETFS COMMODITY SECURITIES LIMITED	ETFS SOFT	GB00B15KYJ87	ETCS			27/09/2006	31/12/9999	Jersey	USD	MAIN MARKET	Standard Debt	ETCS	ECLL
AIGX	ETFS COMMODITY SECURITIES LIMITED	ETFS EX-ENERGY	GB00B15KYD26	ETCS			27/09/2006	31/12/9999	Jersey	USD	MAIN MARKET	Standard Debt	ETCS	ECLL
ALUM	ETFS COMMODITY SECURITIES LIMITED	ETFS ALUMINIUM	GB00B15KXN58	ETCS			27/09/2006	31/12/9999	Jersey	USD	MAIN MARKET	Standard Debt	ETCS	ECLL
BRNT	ETFS COMMODITY SECURITIES LIMITED	ETFS BRENT CRUDE	JE00B78CGV99	ETCS			24/02/2012	31/12/9999	Jersey	USD	MAIN MARKET	Standard Debt	ETCS	ECEL
BULL	ETFS COMMODITY SECURITIES LIMITED	ETFS GOLD	GB00B15KXX56	ETCS			27/09/2006		Jersey	USD	MAIN MARKET	Standard Debt	ETCS	ECLL
BULP	ETFS COMMODITY SECURITIES LIMITED	ETFS GOLD £	GB00B15KXX56	ETCS			29/10/2007	31/12/9999	Jersey	GBX	MAIN MARKET	Standard Debt	ETC2	ECLM
CATF	ETFS COMMODITY SECURITIES LIMITED	ETFS LONGER DATED LIVE CATTLE	JE00B24DM245	ETCS			27/11/2007	31/12/9999	Jersey	USD	MAIN MARKET	Standard Debt	ETCS	ECLL
CATL	ETFS COMMODITY SECURITIES LIMITED	ETFS LIVE CATTLE	GB00B15KY096	ETCS			27/09/2006	31/12/9999	Jersey	USD	MAIN MARKET	Standard Debt	ETCS	ECLL
COCO	ETFS COMMODITY SECURITIES LIMITED	ETFS COCOA	JE00B2QXZK10	ETCS			12/11/2009	31/12/9999	Jersey	USD	MAIN MARKET	Standard Debt	ETCS	ECLL
COFF	ETFS COMMODITY SECURITIES LIMITED	ETFS COFFEE	GB00B15KXP72	ETCS			27/09/2006	31/12/9999	Jersey	USD	MAIN MARKET	Standard Debt	ETCS	ECLL
COPA	ETFS COMMODITY SECURITIES LIMITED	ETFS COPPER	GB00B15KXQ89	ETCS			27/09/2006	31/12/9999	Jersey	USD	MAIN MARKET	Standard Debt	ETCS	ECLL
CORN	ETFS COMMODITY SECURITIES LIMITED	ETFS CORN	GB00B15KXS04	ETCS			27/09/2006	31/12/9999	Jersey	USD	MAIN MARKET	Standard Debt	ETCS	ECLL
COTN	ETFS COMMODITY SECURITIES LIMITED	ETFS COTTON	GB00B15KXT11	ETCS			27/09/2006	31/12/9999	Jersey	USD	MAIN MARKET	Standard Debt	ETCS	ECLL
CRUD	ETFS COMMODITY SECURITIES LIMITED	ETFS WTI CRUDE OIL	GB00B15KXV33	ETCS			27/09/2006	31/12/9999	Jersey	USD	MAIN MARKET	Standard Debt	ETCS	ECLL
ENEF	ETFS COMMODITY SECURITIES LIMITED	ETFS LONGER DATED ENERGY	JE00B24DMD55	ETCS			10/10/2007	31/12/9999	Jersey	USD	MAIN MARKET	Standard Debt	ETCS	ECLL
EXEF	ETFS COMMODITY SECURITIES LIMITED	ETFS LONGER DATED EX-ENERGY	JE00B24DMG86	ETCS			10/10/2007	31/12/9999	Jersey	USD	MAIN MARKET	Standard Debt	ETCS	ECLL
FAGR	ETFS COMMODITY SECURITIES LIMITED	ETFS LONGER DATED AGRICULTURE	JE00B24DMK23	ETCS			10/10/2007	31/12/9999	Jersey	USD	MAIN MARKET	Standard Debt	ETCS	ECLL
FAIG	ETFS COMMODITY SECURITIES LIMITED	ETFS LONGER DATED ALL COMMODITIES	JE00B24DMC49	ETCS			10/10/2007	31/12/9999	Jersey	USD	MAIN MARKET	Standard Debt	ETCS	ECLL
FBRT	ETFS COMMODITY SECURITIES LIMITED	ETFS LONGER DATED BRENT CRUDE	JE00B78CP782	ETCS			24/02/2012	31/12/9999	Jersey	USD	MAIN MARKET	Standard Debt	ETCS	ECEL
FCRU	ETFS COMMODITY SECURITIES LIMITED	ETFS LONGER DATED WTI CRUDE OIL	JE00B24DLX86	ETCS			12/11/2009	31/12/9999	Jersey	USD	MAIN MARKET	Standard Debt	ETCS	ECLL
FIND	ETFS COMMODITY SECURITIES LIMITED	ETFS LONGER DATED INDUSTRIAL METALS	JE00B24DMJ18	ETCS			10/10/2007	31/12/9999	Jersey	USD	MAIN MARKET	Standard Debt	ETCS	ECLL
FLIV	ETFS COMMODITY SECURITIES LIMITED	ETFS LONGER DATED LIVESTOCK	JE00B24DMM47	ETCS			10/10/2007	31/12/9999	Jersey	USD	MAIN MARKET	Standard Debt	ETCS	ECLL
FPET	ETFS COMMODITY SECURITIES LIMITED	ETFS LONGER DATED PETROLEUM	JE00B24DMF79	ETCS			10/10/2007	31/12/9999	Jersey	USD	MAIN MARKET	Standard Debt	ETCS	ECLL
GRAF	ETFS COMMODITY SECURITIES LIMITED	ETFS LONGER DATED GRAINS	JE00B24DMN53	ETCS			10/10/2007	31/12/9999	Jersey	USD	MAIN MARKET	Standard Debt	ETCS	ECLL
HEAF	ETFS COMMODITY SECURITIES LIMITED	ETFS LONGER DATED HEATING OIL	JE00B24DM021	ETCS			27/11/2007	31/12/9999	Jersey	USD	MAIN MARKET	Standard Debt	ETCS	ECLL
HEAT	ETFS COMMODITY SECURITIES LIMITED	ETFS HEATING OIL	GB00B15KXY63	ETCS			27/09/2006	31/12/9999	Jersey	USD	MAIN MARKET	Standard Debt	ETCS	ECLL
HOGF	ETFS COMMODITY SECURITIES LIMITED	ETFS LONGER DATED LEAN HOGS	JE00B24DM138	ETCS			27/11/2007	31/12/9999	Jersey	USD	MAIN MARKET	Standard Debt	ETCS	ECLL
HOGS	ETFS COMMODITY SECURITIES LIMITED	ETFS LEAN HOGS	GB00B15KXZ70	ETCS			27/09/2006	31/12/9999	Jersey	USD	MAIN MARKET	Standard Debt	ETCS	ECLL
LAGR	ETFS COMMODITY SECURITIES LIMITED	ETFS 2X DAILY LONG AGRICULTURE	JE00B2NFT427	ETCS			11/03/2008	31/12/9999	Jersey	USD	MAIN MARKET	Standard Debt	ETCS	ECLL
LALL	ETFS COMMODITY SECURITIES LIMITED	ETFS 2X DAILY LONG ALL COMMODITIES	JE00B2NFV571	ETCS			11/03/2008	31/12/9999	Jersey	USD	MAIN MARKET	Standard Debt	ETCS	ECLL
LALU	ETFS COMMODITY SECURITIES LIMITED	ETFS 2X DAILY LONG ALUMINIUM	JE00B2NFTC05	ETCS			11/03/2008	31/12/9999	Jersey	USD	MAIN MARKET	Standard Debt	ETCS	ECLL
LBRT	ETFS COMMODITY SECURITIES LIMITED	ETFS 2X DAILY LONG BRENT CRUDE	JE00BDD9QD91	ETCS			16/05/2016	31/12/9999	Jersey	USD	MAIN MARKET	Standard Debt	ETCS	ECEL
LBUL	ETFS COMMODITY SECURITIES LIMITED	ETFS 2X DAILY LONG GOLD	JE00B2NFTL95	ETCS			11/03/2008	31/12/9999	Jersey	USD	MAIN MARKET	Standard Debt	ETCS	ECLL
LCFE	ETFS COMMODITY SECURITIES LIMITED	ETFS 2X DAILY LONG COFFEE	JE00B2NFTD12	ETCS			11/03/2008	31/12/9999	Jersey	USD	MAIN MARKET	Standard Debt	ETCS	ECLL
LCOC	ETFS COMMODITY SECURITIES LIMITED	ETFS 2X DAILY LONG COCOA	JE00B2NFV803	ETCS			11/03/2008	31/12/9999	Jersey	USD	MAIN MARKET	Standard Debt	ETCS	ECLL
LCOP	ETFS COMMODITY SECURITIES LIMITED	ETFS 2X DAILY LONG COPPER	JE00B2NFTF36	ETCS			11/03/2008	31/12/9999	Jersey	USD	MAIN MARKET	Standard Debt	ETCS	ECLL
LCOR	ETFS COMMODITY SECURITIES LIMITED	ETFS 2X DAILY LONG CORN	JE00B2NFTG43	ETCS			11/03/2008	31/12/9999	Jersey	USD	MAIN MARKET	Standard Debt	ETCS	ECLL
LCTO	ETFS COMMODITY SECURITIES LIMITED	ETFS 2X DAILY LONG COTTON	JE00B2NFTH59	ETCS			11/03/2008	31/12/9999	Jersey	USD	MAIN MARKET	Standard Debt	ETCS	ECLL
LEED	ETFS COMMODITY SECURITIES LIMITED	ETFS LEAD	JE00B2QY0436	ETCS			12/11/2009	31/12/9999	Jersey	USD	MAIN MARKET	Standard Debt	ETCS	ECLL
LGAS	ETFS COMMODITY SECURITIES LIMITED	ETFS 2X DAILY LONG GASOLINE	JE00B2NFTK88	ETCS			11/03/2008	31/12/9999	Jersey	USD	MAIN MARKET	Standard Debt	ETCS	ECLL
LGRA	ETFS COMMODITY SECURITIES LIMITED	ETFS 2X DAILY LONG GRAINS	JE00B2NFT757	ETCS			11/03/2008	31/12/9999	Jersey	USD	MAIN MARKET	Standard Debt	ETCS	ECLL
LHEA	ETFS COMMODITY SECURITIES LIMITED	ETFS 2X DAILY LONG HEATING OIL	JE00B2NFTM03	ETCS			11/03/2008	31/12/9999	Jersey	USD	MAIN MARKET	Standard Debt	ETCS	ECLL
LIME	ETFS COMMODITY SECURITIES LIMITED	ETFS 2X DAILY LONG INDUSTRIAL METAL	JE00B2NFV688	ETCS			11/03/2008	31/12/9999	Jersey	USD	MAIN MARKET	Standard Debt	ETCS	ECLL
LLCT	ETFS COMMODITY SECURITIES LIMITED	ETFS 2X DAILY LONG LIVE CATTLE	JE00B2NFTP34	ETCS			11/03/2008	31/12/9999	Jersey	USD	MAIN MARKET	Standard Debt	ETCS	ECLL
LLEA	ETFS COMMODITY SECURITIES LIMITED	ETFS 2X DAILY LONG LEAD	JE00B2NFTZ32	ETCS			11/03/2008	31/12/9999	Jersey	USD	MAIN MARKET	Standard Debt	ETCS	ECLL
LLHO	ETFS COMMODITY SECURITIES LIMITED	ETFS 2X DAILY LONG LEAN HOGS	JE00B2NFTN10	ETCS			11/03/2008	31/12/9999	Jersey	USD	MAIN MARKET	Standard Debt	ETCS	ECLL
LLST	ETFS COMMODITY SECURITIES LIMITED	ETFS 2X DAILY LONG LIVESTOCK	JE00B2NFT864	ETCS			11/03/2008	31/12/9999	Jersey	USD	MAIN MARKET	Standard Debt	ETCS	ECLL
LNEY	ETFS COMMODITY SECURITIES LIMITED	ETFS 2X DAILY LONG EX-ENERGY	JE00B2NFT641	ETCS			11/03/2008	31/12/9999	Jersey	USD	MAIN MARKET	Standard Debt	ETCS	ECLL
LNGA	ETFS COMMODITY SECURITIES LIMITED	ETFS 2X DAILY LONG NATURAL GAS	JE00BDD9Q956	ETCS			16/05/2016	31/12/9999	Jersey	USD	MAIN MARKET	Standard Debt	ETCS	ECLL
LNIK	ETFS COMMODITY SECURITIES LIMITED	ETFS 2X DAILY LONG NICKEL	JE00BDD9QB77	ETCS			16/05/2016	31/12/9999	Jersey	USD	MAIN MARKET	Standard Debt	ETCS	ECLL
LNRG	ETFS COMMODITY SECURITIES LIMITED	ETFS 2X DAILY LONG ENERGY	JE00B2NFT534	ETCS			11/03/2008	31/12/9999	Jersey	USD	MAIN MARKET	Standard Debt	ETCS	ECLL
LOIL	ETFS COMMODITY SECURITIES LIMITED	ETFS 2X DAILY LONG WTI CRUDE OIL	JE00BDD9Q840	ETCS			16/05/2016	31/12/9999	Jersey	USD	MAIN MARKET	Standard Debt	ETCS	ECLL
LPET	ETFS COMMODITY SECURITIES LIMITED	ETFS 2X DAILY LONG PETROLEUM	JE00BDD9Q733	ETCS			16/05/2016	31/12/9999	Jersey	USD	MAIN MARKET	Standard Debt	ETCS	ECLL
LPLA	ETFS COMMODITY SECURITIES LIMITED	ETFS 2X DAILY LONG PLATINUM	JE00B2NFV134	ETCS			11/03/2008	31/12/9999	Jersey	USD	MAIN MARKET	Standard Debt	ETCS	ECLL
LPMT	ETFS COMMODITY SECURITIES LIMITED	ETFS 2X DAILY LONG PRECIOUS METALS	JE00B2NFV795	ETCS			11/03/2008	31/12/9999	Jersey	USD	MAIN MARKET	Standard Debt	ETCS	ECLL
LSFT	ETFS COMMODITY SECURITIES LIMITED	ETFS 2X DAILY LONG SOFTS	JE00B2NFTB97	ETCS			11/03/2008	31/12/9999	Jersey	USD	MAIN MARKET	Standard Debt	ETCS	ECLL
LSIL	ETFS COMMODITY SECURITIES LIMITED	ETFS 2X DAILY LONG SILVER	JE00B2NFTS64	ETCS			11/03/2008	31/12/9999	Jersey	USD	MAIN MARKET	Standard Debt	ETCS	ECLL
LSOB	ETFS COMMODITY SECURITIES LIMITED	ETFS 2X DAILY LONG SOYBEANS	JE00B2NFTV93	ETCS			11/03/2008	31/12/9999	Jersey	USD	MAIN MARKET	Standard Debt	ETCS	ECLL
LSUG	ETFS COMMODITY SECURITIES LIMITED	ETFS 2X DAILY LONG SUGAR	JE00B2NFTW01	ETCS			11/03/2008	31/12/9999	Jersey	USD	MAIN MARKET	Standard Debt	ETCS	ECLL
LSYO	ETFS COMMODITY SECURITIES LIMITED	ETFS 2X DAILY LONG SOYBEAN OIL	JE00B2NFTT71	ETCS			11/03/2008	31/12/9999	Jersey	USD	MAIN MARKET	Standard Debt	ETCS	ECLL
LTIM	ETFS COMMODITY SECURITIES LIMITED	ETFS 2X DAILY LONG TIN	JE00B2NFV241	ETCS			11/03/2008	31/12/9999	Jersey	USD	MAIN MARKET	Standard Debt	ETCS	ECLL
LWEA	ETFS COMMODITY SECURITIES LIMITED	ETFS 2X DAILY LONG WHEAT	JE00BDD9QC84	ETCS			16/05/2016	31/12/9999	Jersey	USD	MAIN MARKET	Standard Debt	ETCS	ECLL
LZIC	ETFS COMMODITY SECURITIES LIMITED	ETFS 2X DAILY LONG ZINC	JE00B2NFTY25	ETCS			11/03/2008	31/12/9999	Jersey	USD	MAIN MARKET	Standard Debt	ETCS	ECLL
NG3L	ETFS COMMODITY SECURITIES LIMITED	ETFS 3X DAILY LONG NATURAL GAS	JE00BYQY5H56	ETCS			23/11/2015	31/12/9999	Jersey	USD	MAIN MARKET	Standard Debt	ETCS	ECLL
NG3S	ETFS COMMODITY SECURITIES LIMITED	ETFS 3X DAILY SHORT NATURAL GAS	JE00BYQY5082	ETCS			23/11/2015	31/12/9999	Jersey	USD	MAIN MARKET	Standard Debt	ETCS	ECLL
NGAF	ETFS COMMODITY SECURITIES LIMITED	ETFS LONGER DATED NATURAL GAS	JE00B24DM351	ETCS			27/11/2007	31/12/9999	Jersey	USD	MAIN MARKET	Standard Debt	ETCS	ECLL
NGAS	ETFS COMMODITY SECURITIES LIMITED	ETFS NATURAL GAS	GB00B15KY104	ETCS			27/09/2006		Jersey	USD	MAIN MARKET	Standard Debt	ETCS	ECLL
NGSP	ETFS COMMODITY SECURITIES LIMITED	ETFS NATURAL GAS £	GB00B15KY104	ETCS			29/10/2007	31/12/9999	Jersey	GBX	MAIN MARKET	Standard Debt	ETC2	ECLM
NICK	ETFS COMMODITY SECURITIES LIMITED	ETFS NICKEL	GB00B15KY211	ETCS			27/09/2006	31/12/9999	Jersey	USD	MAIN MARKET	Standard Debt	ETCS	ECLL
PLTM	ETFS COMMODITY SECURITIES LIMITED	ETFS PLATINUM	JE00B2QY0F45	ETCS			12/11/2009	31/12/9999	Jersey	USD	MAIN MARKET	Standard Debt	ETCS	ECLL
SAGR	ETFS COMMODITY SECURITIES LIMITED	ETFS 1X DAILY SHORT AGRICULTURE	JE00B24DL056	ETCS			22/02/2008	31/12/9999	Jersey	USD	MAIN MARKET	Standard Debt	ETCS	ECLL
SALL	ETFS COMMODITY SECURITIES LIMITED	ETFS 1X DAILY SHORT ALL COMMODITIES	JE00B24DKT75	ETCS			22/02/2008	31/12/9999	Jersey	USD	MAIN MARKET	Standard Debt	ETCS	ECLL
SALU	ETFS COMMODITY SECURITIES LIMITED	ETFS 1X DAILY SHORT ALUMINIUM	JE00B24DK421	ETCS			22/02/2008	31/12/9999	Jersey	USD	MAIN MARKET	Standard Debt	ETCS	ECLL
SBRT	ETFS COMMODITY SECURITIES LIMITED	ETFS 1X DAILY SHORT BRENT CRUDE	JE00B78DPL57	ETCS			24/02/2012	31/12/9999	Jersey	USD	MAIN MARKET	Standard Debt	ETCS	ECEL
SBUL	ETFS COMMODITY SECURITIES LIMITED	ETFS 1X DAILY SHORT GOLD	JE00B24DKC09	ETCS			22/02/2008	31/12/9999	Jersey	USD	MAIN MARKET	Standard Debt	ETCS	ECLL
SCFE	ETFS COMMODITY SECURITIES LIMITED	ETFS 1X DAILY SHORT COFFEE	JE00B24DK538	ETCS			22/02/2008	31/12/9999	Jersey	USD	MAIN MARKET	Standard Debt	ETCS	ECLL
SCOC	ETFS COMMODITY SECURITIES LIMITED	ETFS 1X DAILY SHORT COCOA	JE00B2NFT310	ETCS			11/03/2008	31/12/9999	Jersey	USD	MAIN MARKET	Standard Debt	ETCS	ECLL
SCOP	ETFS COMMODITY SECURITIES LIMITED	ETFS 1X DAILY SHORT COPPER	JE00B24DK645	ETCS			22/02/2008	31/12/9999	Jersey	USD	MAIN MARKET	Standard Debt	ETCS	ECLL
SCOR	ETFS COMMODITY SECURITIES LIMITED	ETFS 1X DAILY SHORT CORN	JE00B24DK751	ETCS			22/02/2008	31/12/9999	Jersey	USD	MAIN MARKET	Standard Debt	ETCS	ECLL
SCTO	ETFS COMMODITY SECURITIES LIMITED	ETFS 1X DAILY SHORT COTTON	JE00B24DK868	ETCS			22/02/2008	31/12/9999	Jersey	USD	MAIN MARKET	Standard Debt	ETCS	ECLL
SGAS	ETFS COMMODITY SECURITIES LIMITED	ETFS 1X DAILY SHORT GASOLINE	JE00B24DKB91	ETCS			22/02/2008	31/12/9999	Jersey	USD	MAIN MARKET	Standard Debt	ETCS	ECLL
SGRA	ETFS COMMODITY SECURITIES LIMITED	ETFS 1X DAILY SHORT GRAINS	JE00B24DL387	ETCS			22/02/2008	31/12/9999	Jersey	USD	MAIN MARKET	Standard Debt	ETCS	ECLL
SHEA	ETFS COMMODITY SECURITIES LIMITED	ETFS 1X DAILY SHORT HEATING OIL	JE00B24DKD16	ETCS			22/02/2008	31/12/9999	Jersey	USD	MAIN MARKET	Standard Debt	ETCS	ECLL
SI3L	ETFS COMMODITY SECURITIES LIMITED	ETFS 3X DAILY LONG SILVER	JE00BYQY6F08	ETCS			23/11/2015	31/12/9999	Jersey	USD	MAIN MARKET	Standard Debt	ETCS	ECLL
SI3S	ETFS COMMODITY SECURITIES LIMITED	ETFS 3X DAILY SHORT SILVER	JE00BYQY6502	ETCS			23/11/2015	31/12/9999	Jersey	USD	MAIN MARKET	Standard Debt	ETCS	ECLL
SIME	ETFS COMMODITY SECURITIES LIMITED	ETFS 1X DAILY SHORT INDUSTRIAL METALS	JE00B24DKZ36	ETCS			22/02/2008	31/12/9999	Jersey	USD	MAIN MARKET	Standard Debt	ETCS	ECLL
SLCT	ETFS COMMODITY SECURITIES LIMITED	ETFS 1X DAILY SHORT LIVE CATTLE	JE00B24DKG47	ETCS			22/02/2008	31/12/9999	Jersey	USD	MAIN MARKET	Standard Debt	ETCS	ECLL
SLEA	ETFS COMMODITY SECURITIES LIMITED	ETFS 1X DAILY SHORT LEAD	JE00B2NFT088	ETCS			11/03/2008	31/12/9999	Jersey	USD	MAIN MARKET	Standard Debt	ETCS	ECLL
SLHO	ETFS COMMODITY SECURITIES LIMITED	ETFS 1X DAILY SHORT LEAN HOGS	JE00B24DKF30	ETCS			22/02/2008	31/12/9999	Jersey	USD	MAIN MARKET	Standard Debt	ETCS	ECLL
SLST	ETFS COMMODITY SECURITIES LIMITED	ETFS 1X DAILY SHORT LIVESTOCK	JE00B24DL270	ETCS			22/02/2008	31/12/9999	Jersey	USD	MAIN MARKET	Standard Debt	ETCS	ECLL
SLVR	ETFS COMMODITY SECURITIES LIMITED	ETFS SILVER	GB00B15KY328	ETCS			27/09/2006	31/12/9999	Jersey	USD	MAIN MARKET	Standard Debt	ETCS	ECLL
SNEY	ETFS COMMODITY SECURITIES LIMITED	ETFS 1X DAILY SHORT EX-ENERGY	JE00B24DKX12	ETCS			22/02/2008	31/12/9999	Jersey	USD	MAIN MARKET	Standard Debt	ETCS	ECLL
SNGA	ETFS COMMODITY SECURITIES LIMITED	ETFS 1X DAILY SHORT NATURAL GAS	JE00B24DKH53	ETCS			22/02/2008	31/12/9999	Jersey	USD	MAIN MARKET	Standard Debt	ETCS	ECLL
SNIK	ETFS COMMODITY SECURITIES LIMITED	ETFS 1X DAILY SHORT NICKEL	JE00B24DKJ77	ETCS			22/02/2008	31/12/9999	Jersey	USD	MAIN MARKET	Standard Debt	ETCS	ECLL
SOFF	ETFS COMMODITY SECURITIES LIMITED	ETFS LONGER DATED SOFTS	JE00B24DML30	ETCS			10/10/2007	31/12/9999	Jersey	USD	MAIN MARKET	Standard Debt	ETCS	ECLL
SOIL	ETFS COMMODITY SECURITIES LIMITED	ETFS 1X DAILY SHORT WTI CRUDE OIL	JE00B24DK975	ETCS			22/02/2008	31/12/9999	Jersey	USD	MAIN MARKET	Standard Debt	ETCS	ECLL
SOYB	ETFS COMMODITY SECURITIES LIMITED	ETFS SOYBEANS	GB00B15KY542	ETCS			27/09/2006	31/12/9999	Jersey	USD	MAIN MARKET	Standard Debt	ETCS	ECLL
SOYO	ETFS COMMODITY SECURITIES LIMITED	ETFS SOYBEAN OIL	GB00B15KY435	ETCS			27/09/2006	31/12/9999	Jersey	USD	MAIN MARKET	Standard Debt	ETCS	ECLL
SPET	ETFS COMMODITY SECURITIES LIMITED	ETFS 1X DAILY SHORT PETROLEUM	JE00B24DKW05	ETCS			22/02/2008	31/12/9999	Jersey	USD	MAIN MARKET	Standard Debt	ETCS	ECLL
SPLA	ETFS COMMODITY SECURITIES LIMITED	ETFS 1X DAILY SHORT PLATINUM	JE00B2NFT195	ETCS			11/03/2008	31/12/9999	Jersey	USD	MAIN MARKET	Standard Debt	ETCS	ECLL
SPMT	ETFS COMMODITY SECURITIES LIMITED	ETFS 1X DAILY SHORT PRECIOUS METALS	JE00B24DKY29	ETCS			22/02/2008	31/12/9999	Jersey	USD	MAIN MARKET	Standard Debt	ETCS	ECLL
SSFT	ETFS COMMODITY SECURITIES LIMITED	ETFS 1X DAILY SHORT SOFTS	JE00B24DL163	ETCS			22/02/2008	31/12/9999	Jersey	USD	MAIN MARKET	Standard Debt	ETCS	ECLL
SSIL	ETFS COMMODITY SECURITIES LIMITED	ETFS 1X DAILY SHORT SILVER	JE00B24DKK82	ETCS			22/02/2008	31/12/9999	Jersey	USD	MAIN MARKET	Standard Debt	ETCS	ECLL
SSOB	ETFS COMMODITY SECURITIES LIMITED	ETFS 1X DAILY SHORT SOYBEANS	JE00B24DKP38	ETCS			22/02/2008	31/12/9999	Jersey	USD	MAIN MARKET	Standard Debt	ETCS	ECLL
SSUG	ETFS COMMODITY SECURITIES LIMITED	ETFS 1X DAILY SHORT SUGAR	JE00B24DKQ45	ETCS			22/02/2008	31/12/9999	Jersey	USD	MAIN MARKET	Standard Debt	ETCS	ECLL
SSYO	ETFS COMMODITY SECURITIES LIMITED	ETFS 1X DAILY SHORT SOYBEAN OIL	JE00B24DKL99	ETCS			22/02/2008	31/12/9999	Jersey	USD	MAIN MARKET	Standard Debt	ETCS	ECLL
STIM	ETFS COMMODITY SECURITIES LIMITED	ETFS 1X DAILY SHORT TIN	JE00B2NFT203	ETCS			11/03/2008	31/12/9999	Jersey	USD	MAIN MARKET	Standard Debt	ETCS	ECLL
SUGA	ETFS COMMODITY SECURITIES LIMITED	ETFS SUGAR	GB00B15KY658	ETCS			27/09/2006	31/12/9999	Jersey	USD	MAIN MARKET	Standard Debt	ETCS	ECLL
SWEA	ETFS COMMODITY SECURITIES LIMITED	ETFS 1X DAILY SHORT WHEAT	JE00B24DKR51	ETCS			22/02/2008	31/12/9999	Jersey	USD	MAIN MARKET	Standard Debt	ETCS	ECLL
SZIC	ETFS COMMODITY SECURITIES LIMITED	ETFS 1X DAILY SHORT ZINC	JE00B24DKS68	ETCS			22/02/2008	31/12/9999	Jersey	USD	MAIN MARKET	Standard Debt	ETCS	ECLL
TINM	ETFS COMMODITY SECURITIES LIMITED	ETFS TIN	JE00B2QY0H68	ETCS			12/11/2009	31/12/9999	Jersey	USD	MAIN MARKET	Standard Debt	ETCS	ECLL
UGAS	ETFS COMMODITY SECURITIES LIMITED	ETFS GASOLINE	GB00B15KXW40	ETCS			27/09/2006	31/12/9999	Jersey	USD	MAIN MARKET	Standard Debt	ETCS	ECLL
WEAT	ETFS COMMODITY SECURITIES LIMITED	ETFS WHEAT	GB00B15KY765	ETCS			27/09/2006	31/12/9999	Jersey	USD	MAIN MARKET	Standard Debt	ETCS	ECLL
XFRM	ETFS COMMODITY SECURITIES LIMITED	ETFS EX-AGRICULTURE & LIVESTOCK	JE00B6SV8B36	ETCS			26/08/2014	31/12/9999	Jersey	USD	MAIN MARKET	Standard Debt	ETCS	ECL
ZINC	ETFS COMMODITY SECURITIES LIMITED	ETFS ZINC	GB00B15KY872	ETCS			27/09/2006	31/12/9999	Jersey	USD	MAIN MARKET	Standard Debt	ETCS	ECLL
AUDP	ETFS FOREIGN EXCHANGE LIMITED	ETFS LONG AUD SHORT USD £	JE00B68GQH02	ETCS			12/11/2009	31/12/9999	Jersey	GBX	MAIN MARKET	Standard Debt	ETC2	ECLM
AUGB	ETFS FOREIGN EXCHANGE LIMITED	ETFS SHORT AUD LONG GBP	JE00B3WMCJ71	ETCS			21/06/2010	31/12/9999	Jersey	GBX	MAIN MARKET	Standard Debt	ETCS	ECLL
AUP3	ETFS FOREIGN EXCHANGE LIMITED	ETFS 3X LONG AUD SHORT GBP	JE00B3T7LF46	ETCS			09/11/2010	31/12/9999	Jersey	GBX	MAIN MARKET	Standard Debt	ETCS	ECLL
CADP	ETFS FOREIGN EXCHANGE LIMITED	ETFS LONG CAD SHORT USD £	JE00B68GRL13	ETCS			12/11/2009	31/12/9999	Jersey	GBX	MAIN MARKET	Standard Debt	ETC2	ECLM
CAGB	ETFS FOREIGN EXCHANGE LIMITED	ETFS SHORT CAD LONG GBP	JE00B3XY7H57	ETCS			21/06/2010	31/12/9999	Jersey	GBX	MAIN MARKET	Standard Debt	ETCS	ECLL
CHFP	ETFS FOREIGN EXCHANGE LIMITED	ETFS LONG CHF SHORT USD £	JE00B68GVR52	ETCS			12/11/2009	31/12/9999	Jersey	GBX	MAIN MARKET	Standard Debt	ETC2	ECLM
CHGB	ETFS FOREIGN EXCHANGE LIMITED	ETFS SHORT CHF LONG GBP	JE00B3NKMM36	ETCS			21/06/2010	31/12/9999	Jersey	GBX	MAIN MARKET	Standard Debt	ETCS	ECLL
EUP3	ETFS FOREIGN EXCHANGE LIMITED	ETFS 3X LONG EUR SHORT GBP	JE00B3VJDN05	ETCS			09/11/2010	31/12/9999	Jersey	GBX	MAIN MARKET	Standard Debt	ETCS	ECLL
EUP5	ETFS FOREIGN EXCHANGE LIMITED	ETFS 5X LONG EUR SHORT GBP	JE00BMM1XM75	ETCS			23/11/2015	31/12/9999	Jersey	GBX	MAIN MARKET	Standard Debt	ETCS	ECLL
EURP	ETFS FOREIGN EXCHANGE LIMITED	ETFS LONG EUR SHORT USD £	JE00B68GS416	ETCS			12/11/2009	31/12/9999	Jersey	GBX	MAIN MARKET	Standard Debt	ETC2	ECLM
GBAU	ETFS FOREIGN EXCHANGE LIMITED	ETFS LONG AUD SHORT GBP	JE00B3S7BB10	ETCS			21/06/2010	31/12/9999	Jersey	GBX	MAIN MARKET	Standard Debt	ETCS	ECLL
GBCA	ETFS FOREIGN EXCHANGE LIMITED	ETFS LONG CAD SHORT GBP	JE00B3X07W84	ETCS			21/06/2010	31/12/9999	Jersey	GBX	MAIN MARKET	Standard Debt	ETCS	ECLL
GBCH	ETFS FOREIGN EXCHANGE LIMITED	ETFS LONG CHF SHORT GBP	JE00B3SX3R93	ETCS			21/06/2010	31/12/9999	Jersey	GBX	MAIN MARKET	Standard Debt	ETCS	ECLL
GBJP	ETFS FOREIGN EXCHANGE LIMITED	ETFS LONG JPY SHORT GBP	JE00B3XR4V72	ETCS			21/06/2010	31/12/9999	Jersey	GBX	MAIN MARKET	Standard Debt	ETCS	ECLL
GBNO	ETFS FOREIGN EXCHANGE LIMITED	ETFS LONG NOK SHORT GBP	JE00B3S5RB71	ETCS			21/06/2010	31/12/9999	Jersey	GBX	MAIN MARKET	Standard Debt	ETCS	ECLL
GBNZ	ETFS FOREIGN EXCHANGE LIMITED	ETFS LONG NZD SHORT GBP	JE00B45W1502	ETCS			21/06/2010	31/12/9999	Jersey	GBX	MAIN MARKET	Standard Debt	ETCS	ECLL
GBPP	ETFS FOREIGN EXCHANGE LIMITED	ETFS LONG GBP SHORT USD £	JE00B68GR111	ETCS			12/11/2009	31/12/9999	Jersey	GBX	MAIN MARKET	Standard Debt	ETC2	ECLM
GBSK	ETFS FOREIGN EXCHANGE LIMITED	ETFS LONG SEK SHORT GBP	JE00B3RKWL80	ETCS			21/06/2010	31/12/9999	Jersey	GBX	MAIN MARKET	Standard Debt	ETCS	ECLL
GBUR	ETFS FOREIGN EXCHANGE LIMITED	ETFS LONG EUR SHORT GBP	JE00B3Y3SZ64	ETCS			21/06/2010	31/12/9999	Jersey	GBX	MAIN MARKET	Standard Debt	ETCS	ECLL
JPGB	ETFS FOREIGN EXCHANGE LIMITED	ETFS SHORT JPY LONG GBP	JE00B3QBQJ84	ETCS			21/06/2010	31/12/9999	Jersey	GBX	MAIN MARKET	Standard Debt	ETCS	ECLL
JPP3	ETFS FOREIGN EXCHANGE LIMITED	ETFS 3X LONG JPY SHORT GBP	JE00B3TVGH32	ETCS			09/11/2010	31/12/9999	Jersey	GBX	MAIN MARKET	Standard Debt	ETCS	ECLL
JPYP	ETFS FOREIGN EXCHANGE LIMITED	ETFS LONG JPY SHORT USD £	JE00B68GSP26	ETCS			12/11/2009	31/12/9999	Jersey	GBX	MAIN MARKET	Standard Debt	ETC2	ECLM
LAU3	ETFS FOREIGN EXCHANGE LIMITED	ETFS 3X LONG AUD SHORT USD	JE00B3W2CR59	ETCS			09/11/2010	31/12/9999	Jersey	USD	MAIN MARKET	Standard Debt	ETCS	ECLL
LAUD	ETFS FOREIGN EXCHANGE LIMITED	ETFS LONG AUD SHORT USD	JE00B68GQH02	ETCS			12/11/2009		Jersey	USD	MAIN MARKET	Standard Debt	ETCS	ECLL
LCAD	ETFS FOREIGN EXCHANGE LIMITED	ETFS LONG CAD SHORT USD	JE00B68GRL13	ETCS			12/11/2009		Jersey	USD	MAIN MARKET	Standard Debt	ETCS	ECLL
LCHF	ETFS FOREIGN EXCHANGE LIMITED	ETFS LONG CHF SHORT USD	JE00B68GVR52	ETCS			12/11/2009		Jersey	USD	MAIN MARKET	Standard Debt	ETCS	ECLL
LCNP	ETFS FOREIGN EXCHANGE LIMITED	ETFS LONG CNY SHORT USD £	JE00B6822V48	ETCS			21/06/2010	31/12/9999	Jersey	GBX	MAIN MARKET	Standard Debt	ETC2	ECLM
LCNY	ETFS FOREIGN EXCHANGE LIMITED	ETFS LONG CNY SHORT USD	JE00B6822V48	ETCS			21/06/2010		Jersey	USD	MAIN MARKET	Standard Debt	ETCS	ECLL
LEU3	ETFS FOREIGN EXCHANGE LIMITED	ETFS 3X LONG EUR SHORT USD	JE00B3Y5F176	ETCS			09/11/2010	31/12/9999	Jersey	USD	MAIN MARKET	Standard Debt	ETCS	ECLL
LEUR	ETFS FOREIGN EXCHANGE LIMITED	ETFS LONG EUR SHORT USD	JE00B68GS416	ETCS			12/11/2009		Jersey	USD	MAIN MARKET	Standard Debt	ETCS	ECLL
LGBB	ETFS FOREIGN EXCHANGE LIMITED	ETFS BULL GBP VS G10 CCY BASKET SEC	JE00B3QJ6D65	ETCS			30/06/2014	31/12/9999	Jersey	GBX	MAIN MARKET	Standard Debt	ETCS	ECL
LGBP	ETFS FOREIGN EXCHANGE LIMITED	ETFS LONG GBP SHORT USD	JE00B68GR111	ETCS			12/11/2009		Jersey	USD	MAIN MARKET	Standard Debt	ETCS	ECLL
LINP	ETFS FOREIGN EXCHANGE LIMITED	ETFS LONG INR SHORT USD £	JE00B66M5848	ETCS			21/06/2010	31/12/9999	Jersey	GBX	MAIN MARKET	Standard Debt	ETC2	ECLM
LINR	ETFS FOREIGN EXCHANGE LIMITED	ETFS LONG INR SHORT USD	JE00B66M5848	ETCS			21/06/2010		Jersey	USD	MAIN MARKET	Standard Debt	ETCS	ECLL
LJPY	ETFS FOREIGN EXCHANGE LIMITED	ETFS LONG JPY SHORT USD	JE00B68GSP26	ETCS			12/11/2009		Jersey	USD	MAIN MARKET	Standard Debt	ETCS	ECLL
LNOK	ETFS FOREIGN EXCHANGE LIMITED	ETFS LONG NOK SHORT USD	JE00B68GTQ08	ETCS			12/11/2009		Jersey	USD	MAIN MARKET	Standard Debt	ETCS	ECLL
LNZD	ETFS FOREIGN EXCHANGE LIMITED	ETFS LONG NZD SHORT USD	JE00B68GT711	ETCS			12/11/2009		Jersey	USD	MAIN MARKET	Standard Debt	ETCS	ECLL
LSEK	ETFS FOREIGN EXCHANGE LIMITED	ETFS LONG SEK SHORT USD	JE00B68GV642	ETCS			12/11/2009		Jersey	USD	MAIN MARKET	Standard Debt	ETCS	ECLL
LUD5	ETFS FOREIGN EXCHANGE LIMITED	ETFS 5X SHORT EUR LONG USD	JE00BMM1WH57	ETCS			23/11/2015	31/12/9999	Jersey	USD	MAIN MARKET	Standard Debt	ETCS	ECLL
LUSB	ETFS FOREIGN EXCHANGE LIMITED	ETFS BULL USD VS G10 CCY BASKET SEC	JE00B3V74640	ETCS			30/06/2014	31/12/9999	Jersey	USD	MAIN MARKET	Standard Debt	ETCS	ECL
NOGB	ETFS FOREIGN EXCHANGE LIMITED	ETFS SHORT NOK LONG GBP	JE00B3XTW536	ETCS			21/06/2010	31/12/9999	Jersey	GBX	MAIN MARKET	Standard Debt	ETCS	ECLL
NOKP	ETFS FOREIGN EXCHANGE LIMITED	ETFS LONG NOK SHORT USD £	JE00B68GTQ08	ETCS			12/11/2009	31/12/9999	Jersey	GBX	MAIN MARKET	Standard Debt	ETC2	ECLM
NZDP	ETFS FOREIGN EXCHANGE LIMITED	ETFS LONG NZD SHORT USD £	JE00B68GT711	ETCS			12/11/2009	31/12/9999	Jersey	GBX	MAIN MARKET	Standard Debt	ETC2	ECLM
NZGB	ETFS FOREIGN EXCHANGE LIMITED	ETFS SHORT NZD LONG GBP	JE00B3YHSG97	ETCS			21/06/2010	31/12/9999	Jersey	GBX	MAIN MARKET	Standard Debt	ETCS	ECLL
PUS3	ETFS FOREIGN EXCHANGE LIMITED	ETFS 3X SHORT USD LONG GBP	JE00B43NB445	ETCS			09/11/2010	31/12/9999	Jersey	GBX	MAIN MARKET	Standard Debt	ETCS	ECLL
PUS5	ETFS FOREIGN EXCHANGE LIMITED	ETFS 5X SHORT USD LONG GBP	JE00BMM1XZ05	ETCS			23/11/2015	31/12/9999	Jersey	GBX	MAIN MARKET	Standard Debt	ETCS	ECLL
SAD	ETFS FOREIGN EXCHANGE LIMITED	ETFS SHORT AUD LONG USD	JE00B68GQZ83	ETCS			12/11/2009		Jersey	USD	MAIN MARKET	Standard Debt	ETCS	ECLL
SAP3	ETFS FOREIGN EXCHANGE LIMITED	ETFS 3X SHORT AUD LONG GBP	JE00B3WTNN91	ETCS			09/11/2010	31/12/9999	Jersey	GBX	MAIN MARKET	Standard Debt	ETCS	ECLL
SAU3	ETFS FOREIGN EXCHANGE LIMITED	ETFS 3X SHORT AUD LONG USD	JE00B3VCN170	ETCS			09/11/2010	31/12/9999	Jersey	USD	MAIN MARKET	Standard Debt	ETCS	ECLL
SAUP	ETFS FOREIGN EXCHANGE LIMITED	ETFS SHORT AUD LONG USD £	JE00B68GQZ83	ETCS			12/11/2009	31/12/9999	Jersey	GBX	MAIN MARKET	Standard Debt	ETC2	ECLM
SCAD	ETFS FOREIGN EXCHANGE LIMITED	ETFS SHORT CAD LONG USD	JE00B68GS291	ETCS			12/11/2009		Jersey	USD	MAIN MARKET	Standard Debt	ETCS	ECLL
SCDP	ETFS FOREIGN EXCHANGE LIMITED	ETFS SHORT CAD LONG USD £	JE00B68GS291	ETCS			12/11/2009	31/12/9999	Jersey	GBX	MAIN MARKET	Standard Debt	ETC2	ECLM
SCHF	ETFS FOREIGN EXCHANGE LIMITED	ETFS SHORT CHF LONG USD	JE00B68GVT76	ETCS			12/11/2009		Jersey	USD	MAIN MARKET	Standard Debt	ETCS	ECLL
SCHP	ETFS FOREIGN EXCHANGE LIMITED	ETFS SHORT CHF LONG USD £	JE00B68GVT76	ETCS			12/11/2009	31/12/9999	Jersey	GBX	MAIN MARKET	Standard Debt	ETC2	ECLM
SCNY	ETFS FOREIGN EXCHANGE LIMITED	ETFS SHORT CNY LONG USD	JE00B66M4S72	ETCS			21/06/2010		Jersey	USD	MAIN MARKET	Standard Debt	ETCS	ECLL
SCYP	ETFS FOREIGN EXCHANGE LIMITED	ETFS SHORT CNY LONG USD £	JE00B66M4S72	ETCS			21/06/2010	31/12/9999	Jersey	GBX	MAIN MARKET	Standard Debt	ETC2	ECLM
SEKP	ETFS FOREIGN EXCHANGE LIMITED	ETFS LONG SEK SHORT USD £	JE00B68GV642	ETCS			12/11/2009	31/12/9999	Jersey	GBX	MAIN MARKET	Standard Debt	ETC2	ECLM
SEU3	ETFS FOREIGN EXCHANGE LIMITED	ETFS 3X SHORT EUR LONG USD	JE00B3N9C970	ETCS			09/11/2010	31/12/9999	Jersey	USD	MAIN MARKET	Standard Debt	ETCS	ECLL
SEUP	ETFS FOREIGN EXCHANGE LIMITED	ETFS SHORT EUR LONG USD £	JE00B68GSM94	ETCS			12/11/2009	31/12/9999	Jersey	GBX	MAIN MARKET	Standard Debt	ETC2	ECLM
SEUR	ETFS FOREIGN EXCHANGE LIMITED	ETFS SHORT EUR LONG USD	JE00B68GSM94	ETCS			12/11/2009		Jersey	USD	MAIN MARKET	Standard Debt	ETCS	ECLL
SGBB	ETFS FOREIGN EXCHANGE LIMITED	ETFS BEAR GBP VS G10 CCY BASKET SEC	JE00B3XLZZ09	ETCS			30/06/2014	31/12/9999	Jersey	GBX	MAIN MARKET	Standard Debt	ETCS	ECL
SGBP	ETFS FOREIGN EXCHANGE LIMITED	ETFS SHORT GBP LONG USD	JE00B68GRJ90	ETCS			12/11/2009		Jersey	USD	MAIN MARKET	Standard Debt	ETCS	ECLL
SINP	ETFS FOREIGN EXCHANGE LIMITED	ETFS SHORT INR LONG USD £	JE00B66M5T54	ETCS			21/06/2010	31/12/9999	Jersey	GBX	MAIN MARKET	Standard Debt	ETC2	ECLM
SINR	ETFS FOREIGN EXCHANGE LIMITED	ETFS SHORT INR LONG USD	JE00B66M5T54	ETCS			21/06/2010		Jersey	USD	MAIN MARKET	Standard Debt	ETCS	ECLL
SJPP	ETFS FOREIGN EXCHANGE LIMITED	ETFS SHORT JPY LONG USD £	JE00B68GT596	ETCS			12/11/2009	31/12/9999	Jersey	GBX	MAIN MARKET	Standard Debt	ETC2	ECLM
SJPY	ETFS FOREIGN EXCHANGE LIMITED	ETFS SHORT JPY LONG USD	JE00B68GT596	ETCS			12/11/2009		Jersey	USD	MAIN MARKET	Standard Debt	ETCS	ECLL
SKGB	ETFS FOREIGN EXCHANGE LIMITED	ETFS SHORT SEK LONG GBP	JE00B3TK4N26	ETCS			21/06/2010	31/12/9999	Jersey	GBX	MAIN MARKET	Standard Debt	ETCS	ECLL
SNOK	ETFS FOREIGN EXCHANGE LIMITED	ETFS SHORT NOK LONG USD	JE00B68GTS22	ETCS			12/11/2009		Jersey	USD	MAIN MARKET	Standard Debt	ETCS	ECLL
SNOP	ETFS FOREIGN EXCHANGE LIMITED	ETFS SHORT NOK LONG USD £	JE00B68GTS22	ETCS			12/11/2009	31/12/9999	Jersey	GBX	MAIN MARKET	Standard Debt	ETC2	ECLM
SNZD	ETFS FOREIGN EXCHANGE LIMITED	ETFS SHORT NZD LONG USD	JE00B68GTN76	ETCS			12/11/2009		Jersey	USD	MAIN MARKET	Standard Debt	ETCS	ECLL
SNZP	ETFS FOREIGN EXCHANGE LIMITED	ETFS SHORT NZD LONG USD £	JE00B68GTN76	ETCS			12/11/2009	31/12/9999	Jersey	GBX	MAIN MARKET	Standard Debt	ETC2	ECLM
SSEK	ETFS FOREIGN EXCHANGE LIMITED	ETFS SHORT SEK LONG USD	JE00B68GV865	ETCS			12/11/2009		Jersey	USD	MAIN MARKET	Standard Debt	ETCS	ECLL
SSEP	ETFS FOREIGN EXCHANGE LIMITED	ETFS SHORT SEK LONG USD £	JE00B68GV865	ETCS			12/11/2009	31/12/9999	Jersey	GBX	MAIN MARKET	Standard Debt	ETC2	ECLM
SUD5	ETFS FOREIGN EXCHANGE LIMITED	ETFS 5X LONG EUR SHORT USD	JE00BMM1WG41	ETCS			23/11/2015	31/12/9999	Jersey	USD	MAIN MARKET	Standard Debt	ETCS	ECLL
SUP3	ETFS FOREIGN EXCHANGE LIMITED	ETFS 3X SHORT EUR LONG GBP	JE00B3W0MY68	ETCS			09/11/2010	31/12/9999	Jersey	GBX	MAIN MARKET	Standard Debt	ETCS	ECLL
SUP5	ETFS FOREIGN EXCHANGE LIMITED	ETFS 5X SHORT EUR LONG GBP	JE00BMM1XN82	ETCS			23/11/2015	31/12/9999	Jersey	GBX	MAIN MARKET	Standard Debt	ETCS	ECLL
SUSB	ETFS FOREIGN EXCHANGE LIMITED	ETFS BEAR USD VS G10 CCY BASKET SEC	JE00B3RMW814	ETCS			30/06/2014	31/12/9999	Jersey	USD	MAIN MARKET	Standard Debt	ETCS	ECL
URGB	ETFS FOREIGN EXCHANGE LIMITED	ETFS SHORT EUR LONG GBP	JE00B45CYD99	ETCS			21/06/2010	31/12/9999	Jersey	GBX	MAIN MARKET	Standard Debt	ETCS	ECLL
USD2	ETFS FOREIGN EXCHANGE LIMITED	ETFS SHORT GBP LONG USD £	JE00B68GRJ90	ETCS			12/11/2009	31/12/9999	Jersey	GBX	MAIN MARKET	Standard Debt	ETC2	ECLM
USGB	ETFS FOREIGN EXCHANGE LIMITED	ETFS SHORT USD LONG GBP	JE00B438PT24	ETCS			21/06/2010	31/12/9999	Jersey	GBX	MAIN MARKET	Standard Debt	ETCS	ECLL
USP3	ETFS FOREIGN EXCHANGE LIMITED	ETFS 3X LONG USD SHORT GBP	JE00B3WCLY57	ETCS			09/11/2010	31/12/9999	Jersey	GBX	MAIN MARKET	Standard Debt	ETCS	ECLL
USP5	ETFS FOREIGN EXCHANGE LIMITED	ETFS 5X LONG USD SHORT GBP	JE00BMM1XY97	ETCS			23/11/2015	31/12/9999	Jersey	GBX	MAIN MARKET	Standard Debt	ETCS	ECLL
PAGR	ETFS HEDGED COMMODITY SECURITIES LIMITED	ETFS GBP DAILY HEDGED AGRI	JE00B6RPM472	ETCS			02/03/2012	31/12/9999	Jersey	GBX	MAIN MARKET	Standard Debt	ETCS	ECLL
PALL	ETFS HEDGED COMMODITY SECURITIES LIMITED	ETFS GBP DAILY HEDGED ALL COM	JE00B6S1W779	ETCS			02/03/2012	31/12/9999	Jersey	GBX	MAIN MARKET	Standard Debt	ETCS	ECLL
PBRT	ETFS HEDGED COMMODITY SECURITIES LIMITED	ETFS GBP DAILY HEDGED BRENT CRUDE	JE00B766LB87	ETCS			02/03/2012	31/12/9999	Jersey	GBX	MAIN MARKET	Standard Debt	ETCS	ECLL
PBUL	ETFS HEDGED COMMODITY SECURITIES LIMITED	ETFS GBP DAILY HEDGED GOLD	JE00B3P6PX15	ETCS			02/03/2012	31/12/9999	Jersey	GBX	MAIN MARKET	Standard Debt	ETCS	ECLL
PCOP	ETFS HEDGED COMMODITY SECURITIES LIMITED	ETFS GBP DAILY HEDGED COPPER	JE00B76DL312	ETCS			02/03/2012	31/12/9999	Jersey	GBX	MAIN MARKET	Standard Debt	ETCS	ECLL
PCRD	ETFS HEDGED COMMODITY SECURITIES LIMITED	ETFS GBP DAILY HEDGED WTI CRUDE OIL	JE00B6RV6N28	ETCS			02/03/2012	31/12/9999	Jersey	GBX	MAIN MARKET	Standard Debt	ETCS	ECLL
PENR	ETFS HEDGED COMMODITY SECURITIES LIMITED	ETFS GBP DAILY HEDGED ENERGY	JE00B3SH1K04	ETCS			02/03/2012	31/12/9999	Jersey	GBX	MAIN MARKET	Standard Debt	ETCS	ECLL
PFAG	ETFS HEDGED COMMODITY SECURITIES LIMITED	ETFS GBP DAILY HEDGED LONGER DATED AGRI	JE00B5NPY601	ETCS			02/03/2012	31/12/9999	Jersey	GBX	MAIN MARKET	Standard Debt	ETCS	ECLL
PFCM	ETFS HEDGED COMMODITY SECURITIES LIMITED	ETFS GBP DAILY HDG LNG DATED ALL COMMO	JE00B51YNT57	ETCS			02/03/2012	31/12/9999	Jersey	GBX	MAIN MARKET	Standard Debt	ETCS	ECLL
PFEN	ETFS HEDGED COMMODITY SECURITIES LIMITED	ETFS GBP DAILY HEDGED LNG DATED ENERGY	JE00B4QMXG43	ETCS			02/03/2012	31/12/9999	Jersey	GBX	MAIN MARKET	Standard Debt	ETCS	ECLL
PIMT	ETFS HEDGED COMMODITY SECURITIES LIMITED	ETFS GBP DAILY HEDGED IND MET	JE00B63MJ075	ETCS			02/03/2012	31/12/9999	Jersey	GBX	MAIN MARKET	Standard Debt	ETCS	ECLL
PNGA	ETFS HEDGED COMMODITY SECURITIES LIMITED	ETFS GBP DAILY HEDGED NATURAL GAS	JE00B3NZX813	ETCS			02/03/2012	31/12/9999	Jersey	GBX	MAIN MARKET	Standard Debt	ETCS	ECLL
PPMT	ETFS HEDGED COMMODITY SECURITIES LIMITED	ETFS GBP DAILY HEDGED PRE MET	JE00B542T323	ETCS			02/03/2012	31/12/9999	Jersey	GBX	MAIN MARKET	Standard Debt	ETCS	ECLL
PSVR	ETFS HEDGED COMMODITY SECURITIES LIMITED	ETFS GBP DAILY HEDGED SILVER	JE00B6SVPM32	ETCS			02/03/2012	31/12/9999	Jersey	GBX	MAIN MARKET	Standard Debt	ETCS	ECLL
GBSP	ETFS HEDGED METAL SECURITIES LIMITED	ETFS GBP DAILY HEDGED PHYSICAL GOLD	JE00B7VG2M16	ETCS			19/03/2013	31/12/9999	Jersey	GBX	MAIN MARKET	Standard Debt	ETCS	ECL
PHAG	ETFS METAL SECURITIES LIMITED	ETFS PHYSICAL SILVER	JE00B1VS3333	ETCS			24/04/2007		Jersey	USD	MAIN MARKET	Standard Debt	ETCS	ECLL
PHAU	ETFS METAL SECURITIES LIMITED	ETFS PHYSICAL GOLD	JE00B1VS3770	ETCS			24/04/2007		Jersey	USD	MAIN MARKET	Standard Debt	ETCS	ECLL
PHGP	ETFS METAL SECURITIES LIMITED	ETFS PHYSICAL GOLD £	JE00B1VS3770	ETCS			29/10/2007	31/12/9999	Jersey	GBX	MAIN MARKET	Standard Debt	ETC2	ECLM
PHPD	ETFS METAL SECURITIES LIMITED	ETFS PHYSICAL PALLADIUM	JE00B1VS3002	ETCS			24/04/2007	31/12/9999	Jersey	USD	MAIN MARKET	Standard Debt	ETCS	ECLL
PHPM	ETFS METAL SECURITIES LIMITED	ETFS PHYSICAL PM BSKT	JE00B1VS3W29	ETCS			24/04/2007		Jersey	USD	MAIN MARKET	Standard Debt	ETCS	ECLL
PHPP	ETFS METAL SECURITIES LIMITED	ETFS PHYSICAL PM BASKET £	JE00B1VS3W29	ETCS			29/10/2007	31/12/9999	Jersey	GBX	MAIN MARKET	Standard Debt	ETC2	ECLM
PHPT	ETFS METAL SECURITIES LIMITED	ETFS PHYSICAL PLATINUM	JE00B1VS2W53	ETCS			24/04/2007	31/12/9999	Jersey	USD	MAIN MARKET	Standard Debt	ETCS	ECLL
PHSP	ETFS METAL SECURITIES LIMITED	ETFS PHYSICAL SILVER £	JE00B1VS3333	ETCS			29/10/2007	31/12/9999	Jersey	GBX	MAIN MARKET	Standard Debt	ETC2	ECLM
SGBS	ETFS METAL SECURITIES LIMITED	ETFS PHYSICAL SWISS GOLD	JE00B588CD74	ETCS			16/12/2009		Jersey	USD	MAIN MARKET	Standard Debt	ETCS	ECLL
SGBX	ETFS METAL SECURITIES LIMITED	ETFS PHYSICAL SWISS GOLD	JE00B588CD74	ETCS			23/02/2017	31/12/9999	Jersey	GBX	MAIN MARKET	Standard Debt	ETC2	ETCM
CARB	ETFS OIL SECURITIES LIMITED	ETFS CARBON SECURITIES EUR	JE00B3CG6315	ETCS			30/10/2008		Jersey	EUR	MAIN MARKET	Standard Debt	ETCS	ECLL
CARP	ETFS OIL SECURITIES LIMITED	ETFS CARBON SECURITIES GBP	JE00B3CG6315	ETCS			30/10/2008	31/12/9999	Jersey	GBX	MAIN MARKET	Standard Debt	ETC2	ECLM
OILB	ETFS OIL SECURITIES LIMITED	ETFS BRENT 1MTH	GB00B0CTWC01	ETCS			11/06/2007		Jersey	USD	MAIN MARKET	Standard Debt	ETCS	ECLL
OILW	ETFS OIL SECURITIES LIMITED	ETFS WTI 2MTH	GB00B0CTWK84	ETCS			11/06/2007		Jersey	USD	MAIN MARKET	Standard Debt	ETCS	ECLL
OLBP	ETFS OIL SECURITIES LIMITED	ETFS BRENT 1MTH £	GB00B0CTWC01	ETCS			29/10/2007	31/12/9999	Jersey	GBX	MAIN MARKET	Standard Debt	ETC2	ECLM
OLWP	ETFS OIL SECURITIES LIMITED	ETFS WTI 2MTH £	GB00B0CTWK84	ETCS			29/10/2007	31/12/9999	Jersey	GBX	MAIN MARKET	Standard Debt	ETC2	ECLM
OSB1	ETFS OIL SECURITIES LIMITED	ETFS BRENT 1YR	JE00B1YN4R61	ETCS			14/08/2007	31/12/9999	Jersey	USD	MAIN MARKET	Standard Debt	ETCS	ECLL
OSB2	ETFS OIL SECURITIES LIMITED	ETFS BRENT 2YR	JE00B1YNWG12	ETCS			14/08/2007	31/12/9999	Jersey	USD	MAIN MARKET	Standard Debt	ETCS	ECLL
OSB3	ETFS OIL SECURITIES LIMITED	ETFS BRENT 3YR	JE00B1YP7409	ETCS			14/08/2007	31/12/9999	Jersey	USD	MAIN MARKET	Standard Debt	ETCS	ECLL
OSW1	ETFS OIL SECURITIES LIMITED	ETFS WTI 1YR	JE00B1YPB605	ETCS			14/08/2007	31/12/9999	Jersey	USD	MAIN MARKET	Standard Debt	ETCS	ECLL
OSW2	ETFS OIL SECURITIES LIMITED	ETFS WTI 2YR	JE00B1YPB712	ETCS			14/08/2007	31/12/9999	Jersey	USD	MAIN MARKET	Standard Debt	ETCS	ECLL
OSW3	ETFS OIL SECURITIES LIMITED	ETFS WTI 3YR	JE00B1YPB936	ETCS			14/08/2007	31/12/9999	Jersey	USD	MAIN MARKET	Standard Debt	ETCS	ECLL
GBS	GOLD BULLION SECURITIES LD	GOLD BULLION SECURITIES	GB00B00FHZ82	ETCS			27/09/2006		Jersey	USD	MAIN MARKET	Standard Debt	ETCS	ECLL
GBSS	GOLD BULLION SECURITIES LD	GOLD BULLION SECURITIES	GB00B00FHZ82	ETCS			12/11/2007	31/12/9999	Jersey	GBX	MAIN MARKET	Standard Debt	ETC2	ECLM
SGLD	INVESCO PHYSICAL MARKETS PUBLIC LIMITED COMPANY	INVESCO PHYSICAL GOLD ETC	IE00B579F325	ETCS			30/06/2009		Ireland	USD	MAIN MARKET	Standard Debt	ETCS	ECLL
SGLP	INVESCO PHYSICAL MARKETS PUBLIC LIMITED COMPANY	INVESCO PHYSICAL GOLD ETC	IE00B579F325	ETCS			16/12/2011	31/12/9999	Ireland	GBX	MAIN MARKET	Standard Debt	ETC2	ECOL
SLVP	INVESCO PHYSICAL MARKETS PUBLIC LIMITED COMPANY	INVESCO PHYSICAL SILVER ETC	IE00B43VDT70	ETCS			16/07/2018	31/12/9999	Ireland	GBX	MAIN MARKET	Standard Debt	ETC2	ECOL
SPAL	INVESCO PHYSICAL MARKETS PUBLIC LIMITED COMPANY	INVESCO PHYSICAL PALLADIUM ETC	IE00B4LJS984	ETCS			15/04/2011		Ireland	USD	MAIN MARKET	Standard Debt	ETCS	ECL
SPAP	INVESCO PHYSICAL MARKETS PUBLIC LIMITED COMPANY	INVESCO PHYSICAL PALLADIUM ETC	IE00B4LJS984	ETCS			30/06/2014	31/12/9999	Ireland	GBX	MAIN MARKET	Standard Debt	ETC2	ECLM
SPPP	INVESCO PHYSICAL MARKETS PUBLIC LIMITED COMPANY	INVESCO PHYSICAL PLATINUM ETC	IE00B40QP990	ETCS			30/06/2014	31/12/9999	Ireland	GBX	MAIN MARKET	Standard Debt	ETC2	ECLM
SPPT	INVESCO PHYSICAL MARKETS PUBLIC LIMITED COMPANY	INVESCO PHYSICAL PLATINUM ETC	IE00B40QP990	ETCS			15/04/2011		Ireland	USD	MAIN MARKET	Standard Debt	ETCS	ECL
SSLV	INVESCO PHYSICAL MARKETS PUBLIC LIMITED COMPANY	INVESCO PHYSICAL SILVER ETC	IE00B43VDT70	ETCS			15/04/2011	31/12/9999	Ireland	USD	MAIN MARKET	Standard Debt	ETCS	ECL
EGLN	ISHARES PHYSICAL METALS PLC	ISHARES PHYSICAL GOLD ETC	IE00B4ND3602	ETCS			28/11/2016	31/12/9999	Ireland	EUR	MAIN MARKET	Standard Debt	ETCU	EMLL
IGLN	ISHARES PHYSICAL METALS PLC	ISHARES PHYSICAL GOLD ETC	IE00B4ND3602	ETCS			11/04/2011	31/12/9999	Ireland	USD	MAIN MARKET	Standard Debt	ETCS	ECL
SGLN	ISHARES PHYSICAL METALS PLC	ISHARES PHYSICAL GOLD ETC	IE00B4ND3602	ETCS			11/04/2011		Ireland	GBX	MAIN MARKET	Standard Debt	ETC2	ECOL
3LAU	SG ISSUER	SG GOLD X3 DAILY LONG GBP	GB00BD8YXT45	ETCS			09/05/2017	31/12/9999	Luxembourg	GBP	MAIN MARKET	Standard Debt	ETCS	ECLL
3SAU	SG ISSUER	SG GOLD X3 DAILY SHORT GBP	GB00BD8YXW73	ETCS			09/05/2017	31/12/9999	Luxembourg	GBP	MAIN MARKET	Standard Debt	ETCS	ECLL
3SWO	SG ISSUER	SG WTI X3 DAILY SHORT GBP	GB00BD8YXR21	ETCS			09/05/2017	31/12/9999	Luxembourg	GBP	MAIN MARKET	Standard Debt	ETCS	ECLL
5GOL	SG ISSUER	SG GOLD X5 DAILY LONG GBP	JE00BX7RPR68	ETCS			14/05/2015	31/12/9999	Luxembourg	GBP	MAIN MARKET	Standard Debt	ETCS	ETCL
5GUL	SG ISSUER	SG GOLD X5 DAILY LONG USD	JE00BX7RPT82	ETCS			14/05/2015	31/12/9999	Luxembourg	USD	MAIN MARKET	Standard Debt	ETCS	ETCL
5GUS	SG ISSUER	SG GOLD X5 DAILY SHORT USD	JE00BX7RPV05	ETCS			14/05/2015	31/12/9999	Luxembourg	USD	MAIN MARKET	Standard Debt	ETCS	ETCL
5OUS	SG ISSUER	SG WTI X5 DAILY SHORT USD	JE00BX7RPQ51	ETCS			14/05/2015	31/12/9999	Luxembourg	USD	MAIN MARKET	Standard Debt	ETCS	ETCL
LEU5	SG ISSUER	SG EURUSD X5 DAILY LONG USD	JE00BYZ5PD53	ETCS			21/09/2015	31/12/9999	Luxembourg	USD	MAIN MARKET	Standard Debt	ETCS	ETCL
LGB5	SG ISSUER	SG GBPUSD X5 DAILY LONG USD	JE00BYZ5PJ16	ETCS			21/09/2015	31/12/9999	Luxembourg	USD	MAIN MARKET	Standard Debt	ETCS	ETCL
LJP5	SG ISSUER	SG JPYUSD X5 DAILY LONG USD	JE00BYZ5PG84	ETCS			21/09/2015	31/12/9999	Luxembourg	USD	MAIN MARKET	Standard Securitised Derivatives	ETCS	ETCL
NGL3	SG ISSUER	SG NAT GAZ X3 DAILY LONG GBP	JE00BZ3DNS98	ETCS			22/07/2015	31/12/9999	Luxembourg	GBP	MAIN MARKET	Standard Debt	ETCS	ETCL
NGS3	SG ISSUER	SG NAT GAZ X3 DAILY SHORT GBP	JE00BZ3DNY58	ETCS			22/07/2015	31/12/9999	Luxembourg	GBP	MAIN MARKET	Standard Debt	ETCS	ETCL
SEU5	SG ISSUER	SG EURUSD X5 DAILY SHORT USD	JE00BYZ5PF77	ETCS			21/09/2015	31/12/9999	Luxembourg	USD	MAIN MARKET	Standard Debt	ETCS	ETCL
SGB5	SG ISSUER	SG GBPUSD X5 DAILY SHORT USD	JE00BYZ5PK21	ETCS			21/09/2015	31/12/9999	Luxembourg	USD	MAIN MARKET	Standard Debt	ETCS	ETCL
SJP5	SG ISSUER	SG JPYUSD X5 DAILY SHORT USD	JE00BYZ5PH91	ETCS			21/09/2015	31/12/9999	Luxembourg	USD	MAIN MARKET	Standard Securitised Derivatives	ETCS	ETCL
UKL3	SG ISSUER	SG FTSE 100 X3 DAILY LONG GBP	JE00BZ3DNN44	ETCS			22/07/2015	31/12/9999	Luxembourg	GBP	MAIN MARKET	Standard Debt	ETCS	ETCL
UKS3	SG ISSUER	SG FTSE 100 X3 DAILY SHORT GBP	JE00BZ3DNQ74	ETCS			22/07/2015	31/12/9999	Luxembourg	GBP	MAIN MARKET	Standard Debt	ETCS	ETCL
AGGB	UBS AG	UBS ETC (CMCI AGRICULTURE) GBP	CH0348206472	ETCS			09/12/2016		Switzerland	GBP	MAIN MARKET	Standard Securitised Derivatives	ETCS	ECLL
AGRU	UBS AG	UBS ETC (UBS BBG CMCI AGRI IDX) USD	CH0346134346	ETCS			23/11/2016		Switzerland	USD	MAIN MARKET	Standard Securitised Derivatives	ETCS	ECLL
ALYU	UBS AG	UBS ETC (CMCI ALUMINIUM) USD	CH0348206266	ETCS			09/12/2016		Switzerland	USD	MAIN MARKET	Standard Securitised Derivatives	ETCS	ECLL
BRT3	UBS AG	UBS ETC (CMCI BRENT 3M) USD	CH0348206142	ETCS			09/12/2016		Switzerland	USD	MAIN MARKET	Standard Securitised Derivatives	ETCS	ECLL
BRTG	UBS AG	UBS ETC (CMCI BRENT) GBP	CH0348206134	ETCS			09/12/2016		Switzerland	GBP	MAIN MARKET	Standard Securitised Derivatives	ETCS	ECLL
BRTU	UBS AG	UBS ETC (CMCI BRENT) USD	CH0348206126	ETCS			09/12/2016	31/12/9999	Switzerland	USD	MAIN MARKET	Standard Securitised Derivatives	ETCS	ECLL
CMBG	UBS AG	UBS ETC (CMCI BCOM) GBP	CH0348206365	ETCS			09/12/2016		Switzerland	GBP	MAIN MARKET	Standard Securitised Derivatives	ETCS	ECLL
CMBU	UBS AG	UBS ETC (CMCI BCOM) USD	CH0348206357	ETCS			09/12/2016		Switzerland	USD	MAIN MARKET	Standard Securitised Derivatives	ETCS	ECLL
CMCI	UBS AG	UBS ETC(UBS BBG CMCI COMPOSITE IDX)USD	CH0106220491	ETCS			10/03/2010	31/12/9999	Switzerland	USD	MAIN MARKET	Standard Debt	ETCS	ECLL
CMCU	UBS AG	UBS ETC (UBS BBG CMCI COMPOSITE IDX) USD	CH0341732862	ETCS			04/11/2016	31/12/9999	Switzerland	USD	MAIN MARKET	Standard Securitised Derivatives	ETCS	ECLL
CMGB	UBS AG	UBS ETC (UBS BBG CMCI COMPOSITE IDX) GBP	CH0346134312	ETCS			23/11/2016		Switzerland	GBP	MAIN MARKET	Standard Securitised Derivatives	ETCS	ECLL
CMGG	UBS AG	UBS ETC (CMCI GSCI) GBP	CH0348206381	ETCS			09/12/2016		Switzerland	GBP	MAIN MARKET	Standard Securitised Derivatives	ETCS	ECLL
CMGU	UBS AG	UBS ETC (CMCI GSCI) USD	CH0348206373	ETCS			09/12/2016		Switzerland	USD	MAIN MARKET	Standard Securitised Derivatives	ETCS	ECLL
COFU	UBS AG	UBS ETC (CMCI COFFEE) USD	CH0348206498	ETCS			09/12/2016		Switzerland	USD	MAIN MARKET	Standard Securitised Derivatives	ETCS	ECLL
CORU	UBS AG	UBS ETC (CMCI CORN) USD	CH0348206522	ETCS			09/12/2016		Switzerland	USD	MAIN MARKET	Standard Securitised Derivatives	ETCS	ECLL
CXAD	UBS AG	UBS ETC (CMCI EX AGRI & LIVS CAP) USD	CH0348206399	ETCS			09/12/2016		Switzerland	USD	MAIN MARKET	Standard Securitised Derivatives	ETCS	ECLL
CXAS	UBS AG	UBS ETC (CMCI EX AGRI & LIVS CAP) GBP	CH0348206407	ETCS			09/12/2016		Switzerland	GBP	MAIN MARKET	Standard Securitised Derivatives	ETCS	ECLL
ENGB	UBS AG	UBS ETC (CMCI ENERGY) GBP	CH0348206415	ETCS			09/12/2016		Switzerland	GBP	MAIN MARKET	Standard Securitised Derivatives	ETCS	ECLL
ENRU	UBS AG	UBS ETC (UBS BBG CMCI ENERGY IDX) USD	CH0346134338	ETCS			23/11/2016		Switzerland	USD	MAIN MARKET	Standard Securitised Derivatives	ETCS	ECLL
GCGB	UBS AG	UBS ETC (CMCI GOLD) GBP	CH0348206308	ETCS			09/12/2016		Switzerland	GBP	MAIN MARKET	Standard Securitised Derivatives	ETCS	ECLL
GLDU	UBS AG	UBS ETC (UBS BBG CMCI GOLD IDX) USD	CH0346134395	ETCS			23/11/2016		Switzerland	USD	MAIN MARKET	Standard Securitised Derivatives	ETCS	ECLL
INMG	UBS AG	UBS ETC (CMCI INDUSTRIAL MTLS) GBP	CH0348206241	ETCS			09/12/2016		Switzerland	GBP	MAIN MARKET	Standard Securitised Derivatives	ETCS	ECLL
INMU	UBS AG	UBS ETC (UBS BBG CMCI IND MET IDX) USD	CH0346134353	ETCS			23/11/2016		Switzerland	USD	MAIN MARKET	Standard Securitised Derivatives	ETCS	ECLL
LIVP	UBS AG	UBS ETC (CMCI LIVESTOCK) GBP	CH0348206514	ETCS			09/12/2016		Switzerland	GBP	MAIN MARKET	Standard Securitised Derivatives	ETCS	ECLL
LIVU	UBS AG	UBS ETC (UBS BBG CMCI LIVESTOCK IDX) USD	CH0346134379	ETCS			23/11/2016		Switzerland	USD	MAIN MARKET	Standard Securitised Derivatives	ETCS	ECLL
LXUU	UBS AG	UBS ETC (CMCI ZINC) USD	CH0348206282	ETCS			09/12/2016		Switzerland	USD	MAIN MARKET	Standard Securitised Derivatives	ETCS	ECLL
MCUU	UBS AG	UBS ETC (CMCI COPPER) USD	CH0348206258	ETCS			09/12/2016		Switzerland	USD	MAIN MARKET	Standard Securitised Derivatives	ETCS	ECLL
NGAG	UBS AG	UBS ETC (CMCI NATURAL GAS) GBP	CH0348206167	ETCS			09/12/2016		Switzerland	GBP	MAIN MARKET	Standard Securitised Derivatives	ETCS	ECLL
NGAU	UBS AG	UBS ETC (CMCI NATURAL GAS) USD	CH0348206159	ETCS			09/12/2016		Switzerland	USD	MAIN MARKET	Standard Securitised Derivatives	ETCS	ECLL
NIKU	UBS AG	UBS ETC (CMCI NICKEL) USD	CH0348206274	ETCS			09/12/2016		Switzerland	USD	MAIN MARKET	Standard Securitised Derivatives	ETCS	ECLL
OIL3	UBS AG	UBS ETC (CMCI WTI 3M) USD	CH0348206118	ETCS			09/12/2016		Switzerland	USD	MAIN MARKET	Standard Securitised Derivatives	ETCS	ECLL
OILG	UBS AG	UBS ETC (CMCI WTI) GBP	CH0348206100	ETCS			09/12/2016		Switzerland	GBP	MAIN MARKET	Standard Securitised Derivatives	ETCS	ECLL
OILU	UBS AG	UBS ETC (UBS BBG CMCI WTI CRUDE IDX) USD	CH0346134387	ETCS			23/11/2016	31/12/9999	Switzerland	USD	MAIN MARKET	Standard Securitised Derivatives	ETCS	ECLL
PLTU	UBS AG	UBS ETC (CMCI PLATINUM) USD	CH0348206332	ETCS			09/12/2016		Switzerland	USD	MAIN MARKET	Standard Securitised Derivatives	ETCS	ECLL
PRMG	UBS AG	UBS ETC (CMCI PREC METALS) GBP	CH0348206290	ETCS			09/12/2016		Switzerland	GBP	MAIN MARKET	Standard Securitised Derivatives	ETCS	ECLL
PRMU	UBS AG	UBS ETC (UBS BBG CMCI PREC MTLS IDX) USD	CH0346134361	ETCS			23/11/2016		Switzerland	USD	MAIN MARKET	Standard Securitised Derivatives	ETCS	ECLL
SBUS	UBS AG	UBS ETC (CMCI SUGAR) USD	CH0348206480	ETCS			09/12/2016	31/12/9999	Switzerland	USD	MAIN MARKET	Standard Securitised Derivatives	ETCS	ECLL
SILP	UBS AG	UBS ETC (CMCI SILVER) GBP	CH0348206324	ETCS			09/12/2016		Switzerland	GBP	MAIN MARKET	Standard Securitised Derivatives	ETCS	ECLL
SIUS	UBS AG	UBS ETC (CMCI SILVER) USD	CH0348206316	ETCS			09/12/2016		Switzerland	USD	MAIN MARKET	Standard Securitised Derivatives	ETCS	ECLL
SOYU	UBS AG	UBS ETC (CMCI SOYBEANS) USD	CH0348206506	ETCS			09/12/2016		Switzerland	USD	MAIN MARKET	Standard Securitised Derivatives	ETCS	ECLL
WWTU	UBS AG	UBS ETC (UBS BBG CMCI WHEAT IDX) USD	CH0346134403	ETCS			23/11/2016		Switzerland	USD	MAIN MARKET	Standard Securitised Derivatives	ETCS	ECLL
